Dataset,Task,Language,Language Tier,Language Code,Language Class,Language Script,DV003 Monolingual,DV003 TranslateTest,DV003 Zero-Shot Cross Lingual,GPT-3.5-Turbo Monolingual,GPT-3.5-Turbo Translate-Test,GPT-3.5-Turbo Zero-Shot Cross Lingual,GPT-4 Monolingual,GPT-4 Translate-Test,GPT-4 Zero-Shot Cross Lingual,TULRv6,BLOOMZ,XLM-R,mBERT,MuRIL,XGLM,mT5,PaLM2 Zero-Shot,PaLM2 Monolingual,Llama2-7B Monolingual,Llama2-13B Monolingual,Llama2-70B Monolingual,LLaVa-1.5-13B Monolingual,LLaVa-1.5-13B Translate-Test,Bing Translator,Google Translator,Systran,Metrics,Direction
AfriQA,Question Answering,Bemba,,bem,0,Latin,NA,NA,NA,0.044,NA,NA,0.176626099,NA,NA,NA,NA,NA,NA,NA,NA,NA,NA,NA,0.004,0.004,0.004,NA,NA,NA,NA,NA,F1 Score,HigherBetter
AfriQA,Question Answering,Fon,,fon,0,Latin,NA,NA,NA,0.105,NA,NA,0.14993422,NA,NA,NA,NA,NA,NA,NA,NA,NA,NA,NA,0.005,0.005,0.005,NA,NA,NA,NA,NA,F1 Score,HigherBetter
AfriQA,Question Answering,Hausa,,ha,2,Latin,NA,NA,NA,0.112,NA,NA,0.329341614,NA,NA,NA,NA,NA,NA,NA,NA,NA,NA,NA,0.006,0.006,0.006,NA,NA,NA,NA,NA,F1 Score,HigherBetter
AfriQA,Question Answering,Igbo,,ig,1,Latin,NA,NA,NA,0.205,NA,NA,0.446792267,NA,NA,NA,NA,NA,NA,NA,NA,NA,NA,NA,0.007,0.007,0.007,NA,NA,NA,NA,NA,F1 Score,HigherBetter
AfriQA,Question Answering,Kinyarwanda,,kin,0,Latin,NA,NA,NA,0.104,NA,NA,0.314821576,NA,NA,NA,NA,NA,NA,NA,NA,NA,NA,NA,0.003,0.003,0.003,NA,NA,NA,NA,NA,F1 Score,HigherBetter
AfriQA,Question Answering,Swahili,,sw,2,Latin,NA,NA,NA,0.185,NA,NA,0.386809837,NA,NA,NA,NA,NA,NA,NA,NA,NA,NA,NA,0.007,0.007,0.007,NA,NA,NA,NA,NA,F1 Score,HigherBetter
AfriQA,Question Answering,Twi,,twi,0,Latin,NA,NA,NA,0.203,NA,NA,0.308456577,NA,NA,NA,NA,NA,NA,NA,NA,NA,NA,NA,0.009,0.009,0.009,NA,NA,NA,NA,NA,F1 Score,HigherBetter
AfriQA,Question Answering,Wolof,,wo,2,Latin,NA,NA,NA,0.049,NA,NA,0.116186885,NA,NA,NA,NA,NA,NA,NA,NA,NA,NA,NA,0.004,0.004,0.004,NA,NA,NA,NA,NA,F1 Score,HigherBetter
AfriQA,Question Answering,Yoruba,,yo,2,Latin,NA,NA,NA,0.164,NA,NA,0.282220072,NA,NA,NA,NA,NA,NA,NA,NA,NA,NA,NA,0.029,0.03,0.03,NA,NA,NA,NA,NA,F1 Score,HigherBetter
AfriQA,Question Answering,Zulu,,zul,0,Latin,NA,NA,NA,0.088,NA,NA,0.275307198,NA,NA,NA,NA,NA,NA,NA,NA,NA,NA,NA,0.013,0.013,0.013,NA,NA,NA,NA,NA,F1 Score,HigherBetter
Belebele,Multiple Choice Reading Comprehension,Arabic,2,ar,5,Arabic,0.9178,NA,NA,0.693,NA,NA,0.9178,0.9178,NA,NA,NA,NA,NA,NA,NA,NA,NA,0.868888889,NA,NA,0.423,NA,NA,NA,NA,NA,Accuracy,HigherBetter
Belebele,Multiple Choice Reading Comprehension,Czech,,cs,,Latin,NA,NA,NA,0.769,NA,NA,0.855,NA,NA,NA,NA,NA,NA,NA,NA,NA,NA,0.877777778,NA,NA,0.65,NA,NA,NA,NA,NA,Accuracy,HigherBetter
Belebele,Multiple Choice Reading Comprehension,Danish,,da,,Latin,NA,NA,NA,0.807,NA,NA,0.8233,NA,NA,NA,NA,NA,NA,NA,NA,NA,NA,0.881111111,NA,NA,0.662,NA,NA,NA,NA,NA,Accuracy,HigherBetter
Belebele,Multiple Choice Reading Comprehension,German,1,de,5,Latin,NA,NA,NA,0.833,NA,NA,0.85,NA,NA,NA,NA,NA,NA,NA,NA,NA,NA,0.875555556,NA,NA,0.694,NA,NA,NA,NA,NA,Accuracy,HigherBetter
Belebele,Multiple Choice Reading Comprehension,English,0,en,5,Latin,NA,NA,NA,0.877,NA,NA,0.79,NA,NA,NA,NA,NA,NA,NA,NA,NA,NA,0.922222222,NA,NA,0.788,NA,NA,NA,NA,NA,Accuracy,HigherBetter
Belebele,Multiple Choice Reading Comprehension,Spanish,1,es,5,Latin,NA,NA,NA,0.792,NA,NA,0.83,NA,NA,NA,NA,NA,NA,NA,NA,NA,NA,0.86,NA,NA,0.684,NA,NA,NA,NA,NA,Accuracy,HigherBetter
Belebele,Multiple Choice Reading Comprehension,Finnish,2,fi,5,Latin,NA,NA,NA,0.779,NA,NA,0.868,NA,NA,NA,NA,NA,NA,NA,NA,NA,NA,0.865555556,NA,NA,0.627,NA,NA,NA,NA,NA,Accuracy,HigherBetter
Belebele,Multiple Choice Reading Comprehension,French,1,fr,5,Latin,NA,NA,NA,0.831,NA,NA,0.909,NA,NA,NA,NA,NA,NA,NA,NA,NA,NA,0.882222222,NA,NA,0.722,NA,NA,NA,NA,NA,Accuracy,HigherBetter
Belebele,Multiple Choice Reading Comprehension,Hebrew,2,he,3,Hebrew,NA,NA,NA,0.642,NA,NA,0.8689,NA,NA,NA,NA,NA,NA,NA,NA,NA,NA,0,NA,NA,0.414,NA,NA,NA,NA,NA,Accuracy,HigherBetter
Belebele,Multiple Choice Reading Comprehension,Hungarian,2,hu,4,Latin,NA,NA,NA,0.746,NA,NA,0.61,NA,NA,NA,NA,NA,NA,NA,NA,NA,NA,0.87,NA,NA,0.611,NA,NA,NA,NA,NA,Accuracy,HigherBetter
Belebele,Multiple Choice Reading Comprehension,Italian,1,it,4,Latin,NA,NA,NA,0.8,NA,NA,0.81,NA,NA,NA,NA,NA,NA,NA,NA,NA,NA,0.863333333,NA,NA,0.684,NA,NA,NA,NA,NA,Accuracy,HigherBetter
Belebele,Multiple Choice Reading Comprehension,Japanese,1,ja,5,Ideograms,NA,NA,NA,0.709,NA,NA,0.86,NA,NA,NA,NA,NA,NA,NA,NA,NA,NA,0.841111111,NA,NA,0.566,NA,NA,NA,NA,NA,Accuracy,HigherBetter
Belebele,Multiple Choice Reading Comprehension,Korean,2,ko,4,Hangul,NA,NA,NA,0.671,NA,NA,0.886,NA,NA,NA,NA,NA,NA,NA,NA,NA,NA,0.86,NA,NA,0.563,NA,NA,NA,NA,NA,Accuracy,HigherBetter
Belebele,Multiple Choice Reading Comprehension,Dutch,2,nl,4,Latin,NA,NA,NA,0.804,NA,NA,0.853,NA,NA,NA,NA,NA,NA,NA,NA,NA,NA,0.873333333,NA,NA,0.662,NA,NA,NA,NA,NA,Accuracy,HigherBetter
Belebele,Multiple Choice Reading Comprehension,Norwegian,,no,,Latin,NA,NA,NA,0.79,NA,NA,0.831,NA,NA,NA,NA,NA,NA,NA,NA,NA,NA,0.882222222,NA,NA,0.657,NA,NA,NA,NA,NA,Accuracy,HigherBetter
Belebele,Multiple Choice Reading Comprehension,Polish,2,pl,4,Latin,NA,NA,NA,0.747,NA,NA,0.8522,NA,NA,NA,NA,NA,NA,NA,NA,NA,NA,0.876666667,NA,NA,0.617,NA,NA,NA,NA,NA,Accuracy,HigherBetter
Belebele,Multiple Choice Reading Comprehension,Portuguese,,pt,4,Latin,NA,NA,NA,0.83,NA,NA,0.7878,NA,NA,NA,NA,NA,NA,NA,NA,NA,NA,0.884444444,NA,NA,0.702,NA,NA,NA,NA,NA,Accuracy,HigherBetter
Belebele,Multiple Choice Reading Comprehension,Russian,2,ru,4,Cyrillic,NA,NA,NA,0.784,NA,NA,0.9055,NA,NA,NA,NA,NA,NA,NA,NA,NA,NA,0.874444444,NA,NA,0.67,NA,NA,NA,NA,NA,Accuracy,HigherBetter
Belebele,Multiple Choice Reading Comprehension,Swedish,,sv,,Latin,NA,NA,NA,0.817,NA,NA,0.8,NA,NA,NA,NA,NA,NA,NA,NA,NA,NA,0.871111111,NA,NA,0.674,NA,NA,NA,NA,NA,Accuracy,HigherBetter
Belebele,Multiple Choice Reading Comprehension,Thai,2,th,3,Brahmic,NA,NA,NA,0.557,NA,NA,0.8389,NA,NA,NA,NA,NA,NA,NA,NA,NA,NA,0.808888889,NA,NA,0.389,NA,NA,NA,NA,NA,Accuracy,HigherBetter
Belebele,Multiple Choice Reading Comprehension,Turkish,2,tr,4,Latin,NA,NA,NA,0.699,NA,NA,0.7844,NA,NA,NA,NA,NA,NA,NA,NA,NA,NA,0.85,NA,NA,0.473,NA,NA,NA,NA,NA,Accuracy,HigherBetter
Belebele,Multiple Choice Reading Comprehension,Chinese_Simplified,,zh-Hans,5,Chinese,NA,NA,NA,0.776,NA,NA,0.89,NA,NA,NA,NA,NA,NA,NA,NA,NA,NA,0.867777778,NA,NA,0.624,NA,NA,NA,NA,NA,Accuracy,HigherBetter
Belebele,Multiple Choice Reading Comprehension,Chinese_Traditional,,zh-Hant,5,Chinese,NA,NA,NA,0.763,NA,NA,0.898,NA,NA,NA,NA,NA,NA,NA,NA,NA,NA,0.868888889,NA,NA,0.593,NA,NA,NA,NA,NA,Accuracy,HigherBetter
GLUECoS-NLI,Natural Language Inference,English-Hindi,,en-hi,NA,Latin-Devanagari,0.72098,NA,NA,0.7879,NA,NA,0.904,NA,NA,NA,NA,NA,0.631,NA,NA,NA,NA,0.82815,NA,NA,NA,NA,NA,NA,NA,NA,Accuracy,HigherBetter
GLUECoS-SA,Sentiment Analysis,English-Spanish,,en-es,NA,Latin,0.688312,NA,NA,0.679654,NA,NA,0.4545,NA,NA,NA,NA,NA,0.6931,NA,NA,NA,NA,0.5151,NA,NA,NA,NA,NA,NA,NA,NA,Accuracy,HigherBetter
IN22,Machine Translation,Assamese,,as,,,,,,,,,,,,,,,,,,,,,NA,NA,,,,,,,,
IN22,Machine Translation,Bengali,,bn,,,,,,,,,,,,,,,,,,,,,NA,NA,,,,,,,,
IN22,Machine Translation,English,0,en,,,,,,,,,,,,,,,,,,,,,NA,NA,,,,,,,,
IN22,Machine Translation,Gujarati,,gu,,,,,,,,,,,,,,,,,,,,,NA,NA,,,,,,,,
IN22,Machine Translation,Hindi,,hi,,,,,,,,,,,,,,,,,,,,,NA,NA,,,,,,,,
IN22,Machine Translation,Kashmiri,,ka,,,,,,,,,,,,,,,,,,,,,NA,NA,,,,,,,,
IN22,Machine Translation,Kannada,,kn,,,,,,,,,,,,,,,,,,,,,NA,NA,,,,,,,,
IN22,Machine Translation,Malayalam,,ml,,,,,,,,,,,,,,,,,,,,,NA,NA,,,,,,,,
IN22,Machine Translation,Marathi,,mr,,,,,,,,,,,,,,,,,,,,,NA,NA,,,,,,,,
IN22,Machine Translation,Nepali,,np,,,,,,,,,,,,,,,,,,,,,NA,NA,,,,,,,,
IN22,Machine Translation,Oriya,,or,,,,,,,,,,,,,,,,,,,,,NA,NA,,,,,,,,
IN22,Machine Translation,Punjabi,,pa,,,,,,,,,,,,,,,,,,,,,NA,NA,,,,,,,,
IN22,Machine Translation,Tamil,,ta,,,,,,,,,,,,,,,,,,,,,NA,NA,,,,,,,,
IN22,Machine Translation,Telugu,,te,,,,,,,,,,,,,,,,,,,,,NA,NA,,,,,,,,
IN22,Machine Translation,Urdu,,ur,,,,,,,,,,,,,,,,,,,,,NA,NA,,,,,,,,
IndicQA,Question Answering,Assamese,,as,1,Brahmic,NA,NA,0.06695625,NA,NA,0.353162,NA,NA,0.587567302,NA,0.406047,NA,NA,NA,NA,NA,NA,NA,NA,NA,NA,NA,NA,NA,NA,NA,F1 Score,HigherBetter
IndicQA,Question Answering,Bengali,,bn,3,Brahmic,NA,NA,0.1029693,NA,NA,0.4952111,NA,NA,0.670760068,NA,0.429121,NA,NA,NA,NA,NA,NA,NA,NA,NA,NA,NA,NA,NA,NA,NA,F1 Score,HigherBetter
IndicQA,Question Answering,Gujarati,,gu,1,Devanagari,NA,NA,0.05371455,NA,NA,0.4051011,NA,NA,0.594150908,NA,0.372028,NA,NA,NA,NA,NA,NA,NA,NA,NA,NA,NA,NA,NA,NA,NA,F1 Score,HigherBetter
IndicQA,Question Answering,Hindi,,hi,4,Devanagari,NA,NA,0.1678301,NA,NA,0.5591712,NA,NA,0.751598262,NA,0.439632,NA,NA,NA,NA,NA,NA,NA,NA,NA,NA,NA,NA,NA,NA,NA,F1 Score,HigherBetter
IndicQA,Question Answering,Kannada,,kn,1,Brahmic,NA,NA,0.07100699,NA,NA,0.3525433,NA,NA,0.470695133,NA,0.378116,NA,NA,NA,NA,NA,NA,NA,NA,NA,NA,NA,NA,NA,NA,NA,F1 Score,HigherBetter
IndicQA,Question Answering,Malayalam,,ml,1,Brahmic,NA,NA,0.03573575,NA,NA,0.2998412,NA,NA,0.483347818,NA,0.304828,NA,NA,NA,NA,NA,NA,NA,NA,NA,NA,NA,NA,NA,NA,NA,F1 Score,HigherBetter
IndicQA,Question Answering,Marathi,,mr,2,Devanagari,NA,NA,0.1455235,NA,NA,0.5000891,NA,NA,0.607124128,NA,0.392237,NA,NA,NA,NA,NA,NA,NA,NA,NA,NA,NA,NA,NA,NA,NA,F1 Score,HigherBetter
IndicQA,Question Answering,Oriya,,or,1,Brahmic,NA,NA,0.06858099,NA,NA,0.22116,NA,NA,0.299285478,NA,0.253877,NA,NA,NA,NA,NA,NA,NA,NA,NA,NA,NA,NA,NA,NA,NA,F1 Score,HigherBetter
IndicQA,Question Answering,Punjabi,,pa,2,Gurmukhi,NA,NA,0.1065401,NA,NA,0.3579964,NA,NA,0.561424042,NA,0.263518,NA,NA,NA,NA,NA,NA,NA,NA,NA,NA,NA,NA,NA,NA,NA,F1 Score,HigherBetter
IndicQA,Question Answering,Tamil,,ta,3,Brahmic,NA,NA,0.04204114,NA,NA,0.3271673,NA,NA,0.540304854,NA,0.39706,NA,NA,NA,NA,NA,NA,NA,NA,NA,NA,NA,NA,NA,NA,NA,F1 Score,HigherBetter
IndicQA,Question Answering,Telugu,,te,1,Brahmic,NA,NA,0.0681848,NA,NA,0.3292168,NA,NA,0.478933927,NA,0.388902,NA,NA,NA,NA,NA,NA,NA,NA,NA,NA,NA,NA,NA,NA,NA,F1 Score,HigherBetter
IndicXNLI,Natural Language Inference,Assamese,,as,1,Brahmic,0.485828343,0.55988024,0.41996008,0.49500998,0.542914172,NA,0.635329341,NA,NA,NA,NA,NA,NA,0.76,NA,NA,NA,NA,NA,NA,NA,NA,NA,NA,NA,NA,Accuracy,HigherBetter
IndicXNLI,Natural Language Inference,Bengali,,bn,3,Brahmic,0.525548902,0.660479042,0.451896208,0.535728543,0.616367265,NA,0.721556886,NA,NA,NA,NA,NA,NA,0.75,NA,NA,NA,NA,NA,NA,NA,NA,NA,NA,NA,NA,Accuracy,HigherBetter
IndicXNLI,Natural Language Inference,Gujarati,,gu,1,Devanagari,0.512175649,0.647305389,0.457085828,0.506187625,0.618363273,NA,0.669261477,NA,NA,NA,NA,NA,NA,0.77,NA,NA,NA,NA,NA,NA,NA,NA,NA,NA,NA,NA,Accuracy,HigherBetter
IndicXNLI,Natural Language Inference,Hindi,,hi,4,Devanagari,0.568862275,0.625748503,0.487225549,0.554690619,0.596007984,NA,0.716566866,NA,NA,NA,NA,NA,NA,0.77,NA,NA,NA,NA,NA,NA,NA,NA,NA,NA,NA,NA,Accuracy,HigherBetter
IndicXNLI,Natural Language Inference,Kannada,,kn,1,Brahmic,0.490618762,0.639321357,0.447904192,0.539121756,0.608383234,NA,0.690419162,NA,NA,NA,NA,NA,NA,0.77,NA,NA,NA,NA,NA,NA,NA,NA,NA,NA,NA,NA,Accuracy,HigherBetter
IndicXNLI,Natural Language Inference,Malayalam,,ml,1,Brahmic,0.482235529,0.618163673,0.432135729,0.484431138,0.598602794,NA,0.643313373,NA,NA,NA,NA,NA,NA,0.79,NA,NA,NA,NA,NA,NA,NA,NA,NA,NA,NA,NA,Accuracy,HigherBetter
IndicXNLI,Natural Language Inference,Marathi,,mr,2,Devanagari,0.494011976,0.609381238,0.484431138,0.498802395,0.587025948,NA,0.662075848,NA,NA,NA,NA,NA,NA,0.74,NA,NA,NA,NA,NA,NA,NA,NA,NA,NA,NA,NA,Accuracy,HigherBetter
IndicXNLI,Natural Language Inference,Oriya,,or,1,Brahmic,0.464071856,0.608183633,0.396407186,0.474251497,0.584830339,NA,0.610578842,NA,NA,NA,NA,NA,NA,0.76,NA,NA,NA,NA,NA,NA,NA,NA,NA,NA,NA,NA,Accuracy,HigherBetter
IndicXNLI,Natural Language Inference,Punjabi,,pa,2,Gurmukhi,0.503792415,0.646706587,0.495209581,0.536327345,0.622954092,NA,0.711377246,NA,NA,NA,NA,NA,NA,0.77,NA,NA,NA,NA,NA,NA,NA,NA,NA,NA,NA,NA,Accuracy,HigherBetter
IndicXNLI,Natural Language Inference,Tamil,,ta,3,Brahmic,0.455289421,0.61756487,0.437325349,0.481636727,0.582834331,NA,0.637325349,NA,NA,NA,NA,NA,NA,0.77,NA,NA,NA,NA,NA,NA,NA,NA,NA,NA,NA,NA,Accuracy,HigherBetter
IndicXNLI,Natural Language Inference,Telugu,,te,1,Brahmic,0.471656687,0.631137725,0.426347305,0.474051896,0.608183633,NA,0.64750499,NA,NA,NA,NA,NA,NA,0.74,NA,NA,NA,NA,NA,NA,NA,NA,NA,NA,NA,NA,Accuracy,HigherBetter
Jigsaw,Toxicity Classification,Spanish,1,es,5,Latin,NA,0.79,0.79,NA,0.74,0.77,NA,NA,NA,NA,NA,NA,NA,NA,NA,NA,0.886,0.8968,NA,NA,NA,NA,NA,NA,NA,NA,Accuracy,HigherBetter
Jigsaw,Toxicity Classification,French,1,fr,5,Latin,NA,0.73,0.75,NA,0.70,0.74,NA,NA,NA,NA,NA,NA,NA,NA,NA,NA,0.8411,0.8794,NA,NA,NA,NA,NA,NA,NA,NA,Accuracy,HigherBetter
Jigsaw,Toxicity Classification,Italian,1,it,4,Latin,0.82,0.79,0.81,0.75,0.77,0.80,NA,NA,NA,NA,NA,NA,NA,NA,NA,NA,NA,NA,NA,NA,NA,NA,NA,NA,NA,NA,Accuracy,HigherBetter
Jigsaw,Toxicity Classification,Portuguese,,pt,4,Latin,NA,0.75,0.82,NA,0.73,0.81,NA,NA,NA,NA,NA,NA,NA,NA,NA,NA,0.8768,0.9205,NA,NA,NA,NA,NA,NA,NA,NA,Accuracy,HigherBetter
Jigsaw,Toxicity Classification,Russian,2,ru,4,Cyrillic,NA,0.80,0.79,NA,0.74,0.75,NA,NA,NA,NA,NA,NA,NA,NA,NA,NA,0.905,0.9425,NA,NA,NA,NA,NA,NA,NA,NA,Accuracy,HigherBetter
Jigsaw,Toxicity Classification,Turkish,2,tr,4,Latin,0.92,0.93,0.94,0.91,0.83,0.86,NA,NA,NA,NA,NA,NA,NA,NA,NA,NA,0.9342,0.9434,NA,NA,NA,NA,NA,NA,NA,NA,Accuracy,HigherBetter
MARVL,Visual Question Answering,Indonesian,3,id,3,Latin,NA,NA,NA,NA,NA,NA,NA,NA,NA,NA,NA,NA,NA,NA,NA,NA,NA,NA,NA,NA,NA,0.473694188,0.405634594,NA,NA,NA,F1 Score,HigherBetter
MARVL,Visual Question Answering,Swahili,,sw,2,Latin,NA,NA,NA,NA,NA,NA,NA,NA,NA,NA,NA,NA,NA,NA,NA,NA,NA,NA,NA,NA,NA,0.240687748,0.412909195,NA,NA,NA,F1 Score,HigherBetter
MARVL,Visual Question Answering,Tamil,,ta,3,Brahmic,NA,NA,NA,NA,NA,NA,NA,NA,NA,NA,NA,NA,NA,NA,NA,NA,NA,NA,NA,NA,NA,0.15385439,0.408503718,NA,NA,NA,F1 Score,HigherBetter
MARVL,Visual Question Answering,Turkish,2,tr,4,Latin,NA,NA,NA,NA,NA,NA,NA,NA,NA,NA,NA,NA,NA,NA,NA,NA,NA,NA,NA,NA,NA,0.248745637,0.424134358,NA,NA,NA,F1 Score,HigherBetter
MARVL,Visual Question Answering,Chinese,,zh,5,Chinese,NA,NA,NA,NA,NA,NA,NA,NA,NA,NA,NA,NA,NA,NA,NA,NA,NA,NA,NA,NA,NA,0.234926768,0.411116684,NA,NA,NA,F1 Score,HigherBetter
MLQA,Question Answering,Arabic,2,ar,5,Arabic,0.383942555,0.481749163,NA,0.4846201,0.3781843,NA,0.591301081,NA,0.606489436,0.7622,NA,0.666,0.523,NA,NA,0.571,NA,0.413572648,0.052374838,0.550194606,0.04095,NA,NA,NA,NA,NA,F1 Score,HigherBetter
MLQA,Question Answering,German,1,de,5,Latin,0.577214475,0.534710542,NA,0.510087,0.4434106,NA,0.647076666,NA,0.663711157,0.8017,NA,0.701,0.59,NA,NA,0.621,NA,0.61969496,0.445332771,0.731276821,0.4213,NA,NA,NA,NA,NA,F1 Score,HigherBetter
MLQA,Question Answering,English,0,en,5,Latin,0.747958733,0.747958733,NA,0.7276637,0.7276637,NA,0.803407912,NA,0.803407912,0.8659,NA,0.835,0.802,NA,NA,0.817,NA,0.821276407,0.695625738,0.622377165,0.5606,NA,NA,NA,NA,NA,F1 Score,HigherBetter
MLQA,Question Answering,Spanish,1,es,5,Latin,0.6285966,0.629269293,NA,0.5382413,0.5412268,NA,0.699597307,NA,0.717801038,0.8174,NA,0.741,0.674,NA,NA,0.671,NA,0.690553289,0.518949848,0.6223,0.3446,NA,NA,NA,NA,NA,F1 Score,HigherBetter
MLQA,Question Answering,Hindi,,hi,4,Devanagari,0.249403296,0.491503366,NA,0.5074836,0.3733353,NA,0.573362174,NA,0.618264861,0.8218,NA,0.706,0.502,NA,NA,0.554,NA,0.502120258,0.0049,0.004,0.008,NA,NA,NA,NA,NA,F1 Score,HigherBetter
MLQA,Question Answering,Vietnamese,3,vi,4,Latin,0.4771298,0.509583552,NA,0.5893296,0.4160629,NA,0.721540155,NA,0.716180318,0.8232,NA,0.74,0.612,NA,NA,0.659,NA,0.721598339,0.424840407,0.0912,0.2689,NA,NA,NA,NA,NA,F1 Score,HigherBetter
MLQA,Question Answering,Chinese,,zh,5,Chinese,0.323466446,0.452333926,NA,0.567075,0.365022,NA,0.67105091,NA,0.67776594,0.7808,NA,0.621,0.596,NA,NA,0.616,NA,0.117144398,0.07030788,0.091229212,0.05297,NA,NA,NA,NA,NA,F1 Score,HigherBetter
PAN-X,Name Entity Recognition,Afrikaans,,af,3,Latin,NA,NA,NA,0.438108814,NA,NA,0.559340075,NA,NA,NA,NA,0.786439,0.761194,NA,NA,NA,NA,NA,NA,NA,NA,NA,NA,NA,NA,NA,F1 Score,HigherBetter
PAN-X,Name Entity Recognition,Arabic,2,ar,5,Arabic,NA,NA,NA,0.454242312,NA,NA,0.593949045,NA,NA,NA,NA,0.472852,0.428934,NA,NA,NA,NA,0.4423,NA,NA,NA,NA,NA,NA,NA,NA,F1 Score,HigherBetter
PAN-X,Name Entity Recognition,Azerbaijani,,az,1,Latin,NA,NA,NA,0.420898151,NA,NA,0.595744681,NA,NA,NA,NA,0.693848,0.654843,NA,NA,NA,NA,NA,NA,NA,NA,NA,NA,NA,NA,NA,F1 Score,HigherBetter
PAN-X,Name Entity Recognition,Bulgarian,3,bg,3,Cyrillic,NA,NA,NA,0.516334201,NA,NA,0.626070409,NA,NA,NA,NA,0.80944,0.766829,NA,NA,NA,NA,0.4963,NA,NA,NA,NA,NA,NA,NA,NA,F1 Score,HigherBetter
PAN-X,Name Entity Recognition,Bengali,,bn,3,Brahmic,NA,NA,NA,0.402737752,NA,NA,0.52659778,NA,NA,NA,NA,0.747223,0.696837,NA,NA,NA,NA,0.4182,NA,NA,NA,NA,NA,NA,NA,NA,F1 Score,HigherBetter
PAN-X,Name Entity Recognition,German,1,de,5,Latin,NA,NA,NA,0.527317373,NA,NA,0.692072133,NA,NA,NA,NA,0.80703,0.794693,NA,NA,NA,NA,0.397,NA,NA,NA,NA,NA,NA,NA,NA,F1 Score,HigherBetter
PAN-X,Name Entity Recognition,Greek,3,el,3,Greek,NA,NA,NA,0.410130719,NA,NA,0.544054221,NA,NA,NA,NA,0.791683,0.708772,NA,NA,NA,NA,0.5615,NA,NA,NA,NA,NA,NA,NA,NA,F1 Score,HigherBetter
PAN-X,Name Entity Recognition,English,0,en,5,Latin,NA,NA,NA,0.4315197,NA,NA,0.497188517,NA,NA,NA,NA,0.854093,0.864365,NA,NA,NA,NA,0.3584,NA,NA,NA,NA,NA,NA,NA,NA,F1 Score,HigherBetter
PAN-X,Name Entity Recognition,Spanish,1,es,5,Latin,NA,NA,NA,0.601814882,NA,NA,0.685844058,NA,NA,NA,NA,0.717908,0.753091,NA,NA,NA,NA,0.3728,NA,NA,NA,NA,NA,NA,NA,NA,F1 Score,HigherBetter
PAN-X,Name Entity Recognition,Estonian,3,et,3,Latin,NA,NA,NA,0.587242026,NA,NA,0.744459834,NA,NA,NA,NA,0.787001,0.757751,NA,NA,NA,NA,0.5048,NA,NA,NA,NA,NA,NA,NA,NA,F1 Score,HigherBetter
PAN-X,Name Entity Recognition,Basque,,eu,4,Latin,NA,NA,NA,0.315140009,NA,NA,0.5783638,NA,NA,NA,NA,0.615682,0.644383,NA,NA,NA,NA,NA,NA,NA,NA,NA,NA,NA,NA,NA,F1 Score,HigherBetter
PAN-X,Name Entity Recognition,Persian,,fa,4,Perso-Arabic,NA,NA,NA,0.39308,NA,NA,0.675767918,NA,NA,NA,NA,0.55218,0.400172,NA,NA,NA,NA,NA,NA,NA,NA,NA,NA,NA,NA,NA,F1 Score,HigherBetter
PAN-X,Name Entity Recognition,Finnish,2,fi,4,Latin,NA,NA,NA,0.59141791,NA,NA,0.710643722,NA,NA,NA,NA,0.795978,0.765729,NA,NA,NA,NA,0.5393,NA,NA,NA,NA,NA,NA,NA,NA,F1 Score,HigherBetter
PAN-X,Name Entity Recognition,French,1,fr,5,Latin,NA,NA,NA,0.507426493,NA,NA,0.68450987,NA,NA,NA,NA,0.797721,0.796322,NA,NA,NA,NA,0.4,NA,NA,NA,NA,NA,NA,NA,NA,F1 Score,HigherBetter
PAN-X,Name Entity Recognition,Gujarati,,gu,1,Devanagari,NA,NA,NA,0.183941606,NA,NA,0.237785016,NA,NA,NA,NA,0.627063,0.512658,NA,NA,NA,NA,NA,NA,NA,NA,NA,NA,NA,NA,NA,F1 Score,HigherBetter
PAN-X,Name Entity Recognition,Hebrew,2,he,3,Hebrew,NA,NA,NA,0.342964152,NA,NA,0.480120482,NA,NA,NA,NA,0.554996,0.561854,NA,NA,NA,NA,0.3698,NA,NA,NA,NA,NA,NA,NA,NA,F1 Score,HigherBetter
PAN-X,Name Entity Recognition,Hindi,,hi,4,Devanagari,NA,NA,NA,0.454849498,NA,NA,0.594121763,NA,NA,NA,NA,0.709375,0.658942,NA,NA,NA,NA,0.4896,NA,NA,NA,NA,NA,NA,NA,NA,F1 Score,HigherBetter
PAN-X,Name Entity Recognition,Hungarian,2,hu,4,Latin,NA,NA,NA,0.537321477,NA,NA,0.719442685,NA,NA,NA,NA,0.801887,0.760985,NA,NA,NA,NA,0.2476,NA,NA,NA,NA,NA,NA,NA,NA,F1 Score,HigherBetter
PAN-X,Name Entity Recognition,Indonesian,3,id,3,Latin,NA,NA,NA,0.584184639,NA,NA,0.72734563,NA,NA,NA,NA,0.517577,0.610086,NA,NA,NA,NA,0.432,NA,NA,NA,NA,NA,NA,NA,NA,F1 Score,HigherBetter
PAN-X,Name Entity Recognition,Italian,1,it,4,Latin,NA,NA,NA,0.600127959,NA,NA,0.728386658,NA,NA,NA,NA,0.802862,0.812885,NA,NA,NA,NA,0.5388,NA,NA,NA,NA,NA,NA,NA,NA,F1 Score,HigherBetter
PAN-X,Name Entity Recognition,Japanese,1,ja,5,Ideograms,NA,NA,NA,0.073626965,NA,NA,0.092313513,NA,NA,NA,NA,0.185479,0.291504,NA,NA,NA,NA,0.0867,NA,NA,NA,NA,NA,NA,NA,NA,F1 Score,HigherBetter
PAN-X,Name Entity Recognition,Javanese,1,jv,1,Brahmic,NA,NA,NA,0.576779026,NA,NA,0.688259109,NA,NA,NA,NA,0.619048,0.624,NA,NA,NA,NA,NA,NA,NA,NA,NA,NA,NA,NA,NA,F1 Score,HigherBetter
PAN-X,Name Entity Recognition,Georgian,,ka,3,Georgian,NA,NA,NA,0.250772627,NA,NA,0.315716594,NA,NA,NA,NA,0.709395,0.650543,NA,NA,NA,NA,NA,NA,NA,NA,NA,NA,NA,NA,NA,F1 Score,HigherBetter
PAN-X,Name Entity Recognition,Kazakh,,kk,3,Cyrillic,NA,NA,NA,0.309313586,NA,NA,0.453240202,NA,NA,NA,NA,0.544323,0.502692,NA,NA,NA,NA,NA,NA,NA,NA,NA,NA,NA,NA,NA,F1 Score,HigherBetter
PAN-X,Name Entity Recognition,Korean,2,ko,4,Hangul,NA,NA,NA,0.279255945,NA,NA,0.514166418,NA,NA,NA,NA,0.591692,0.594509,NA,NA,NA,NA,0.3911,NA,NA,NA,NA,NA,NA,NA,NA,F1 Score,HigherBetter
PAN-X,Name Entity Recognition,Lithuanian,3,lt,3,Latin,NA,NA,NA,0.519026397,NA,NA,0.713196034,NA,NA,NA,NA,0.75774,0.757634,NA,NA,NA,NA,0.573,NA,NA,NA,NA,NA,NA,NA,NA,F1 Score,HigherBetter
PAN-X,Name Entity Recognition,Malayalam,,ml,1,Brahmic,NA,NA,NA,0.252441057,NA,NA,0.355910379,NA,NA,NA,NA,0.602033,0.52954,NA,NA,NA,NA,NA,NA,NA,NA,NA,NA,NA,NA,NA,F1 Score,HigherBetter
PAN-X,Name Entity Recognition,Marathi,,mr,2,Devanagari,NA,NA,NA,0.344201871,NA,NA,0.474097331,NA,NA,NA,NA,0.634001,0.570415,NA,NA,NA,NA,NA,NA,NA,NA,NA,NA,NA,NA,NA,F1 Score,HigherBetter
PAN-X,Name Entity Recognition,Malay,,ms,3,Latin,NA,NA,NA,0.5196151,NA,NA,0.64057508,NA,NA,NA,NA,0.684874,0.670897,NA,NA,NA,NA,NA,NA,NA,NA,NA,NA,NA,NA,NA,F1 Score,HigherBetter
PAN-X,Name Entity Recognition,Burmese,,my,1,Brahmic,NA,NA,NA,0.086792453,NA,NA,0.162601626,NA,NA,NA,NA,0.551724,0.45679,NA,NA,NA,NA,NA,NA,NA,NA,NA,NA,NA,NA,NA,F1 Score,HigherBetter
PAN-X,Name Entity Recognition,Dutch,2,nl,4,Latin,NA,NA,NA,0.593572779,NA,NA,0.679146141,NA,NA,NA,NA,0.831676,0.809842,NA,NA,NA,NA,0.5186,NA,NA,NA,NA,NA,NA,NA,NA,F1 Score,HigherBetter
PAN-X,Name Entity Recognition,Punjabi,,pa,2,Gurmukhi,NA,NA,NA,0.3671875,NA,NA,0.497890295,NA,NA,NA,NA,0.493506,0.305085,NA,NA,NA,NA,NA,NA,NA,NA,NA,NA,NA,NA,NA,F1 Score,HigherBetter
PAN-X,Name Entity Recognition,Polish,2,pl,4,Latin,NA,NA,NA,0.584175084,NA,NA,0.703343465,NA,NA,NA,NA,0.792888,0.791963,NA,NA,NA,NA,0.4669,NA,NA,NA,NA,NA,NA,NA,NA,F1 Score,HigherBetter
PAN-X,Name Entity Recognition,Portuguese,,pt,4,Latin,NA,NA,NA,0.489326765,NA,NA,0.644906743,NA,NA,NA,NA,0.798603,0.804163,NA,NA,NA,NA,0.414,NA,NA,NA,NA,NA,NA,NA,NA,F1 Score,HigherBetter
PAN-X,Name Entity Recognition,Quechua,,qu,1,Latin,NA,NA,NA,0.419117647,NA,NA,0.69787234,NA,NA,NA,NA,0.584746,0.58498,NA,NA,NA,NA,NA,NA,NA,NA,NA,NA,NA,NA,NA,F1 Score,HigherBetter
PAN-X,Name Entity Recognition,Romanian,3,ro,3,Latin,NA,NA,NA,0.426639621,NA,NA,0.596330275,NA,NA,NA,NA,0.787018,0.740358,NA,NA,NA,NA,0.3853,NA,NA,NA,NA,NA,NA,NA,NA,F1 Score,HigherBetter
PAN-X,Name Entity Recognition,Russian,2,ru,4,Cyrillic,NA,NA,NA,0.293515358,NA,NA,0.647810926,NA,NA,NA,NA,0.719263,0.639248,NA,NA,NA,NA,0.3304,NA,NA,NA,NA,NA,NA,NA,NA,F1 Score,HigherBetter
PAN-X,Name Entity Recognition,Swahili,,sw,2,Latin,NA,NA,NA,0.577191621,NA,NA,0.688816856,NA,NA,NA,NA,0.688551,0.713611,NA,NA,NA,NA,0.5401,NA,NA,NA,NA,NA,NA,NA,NA,F1 Score,HigherBetter
PAN-X,Name Entity Recognition,Tamil,,ta,3,Brahmic,NA,NA,NA,0.259869281,NA,NA,0.369274538,NA,NA,NA,NA,0.583846,0.506757,NA,NA,NA,NA,NA,NA,NA,NA,NA,NA,NA,NA,NA,F1 Score,HigherBetter
PAN-X,Name Entity Recognition,Telugu,,te,1,Brahmic,NA,NA,NA,0.21985976,NA,NA,0.32991239,NA,NA,NA,NA,0.537669,0.488561,NA,NA,NA,NA,NA,NA,NA,NA,NA,NA,NA,NA,NA,F1 Score,HigherBetter
PAN-X,Name Entity Recognition,Thai,2,th,3,Brahmic,NA,NA,NA,0.016675661,NA,NA,0.024621741,NA,NA,NA,NA,0.007176,0.003787,NA,NA,NA,NA,0.0138,NA,NA,NA,NA,NA,NA,NA,NA,F1 Score,HigherBetter
PAN-X,Name Entity Recognition,Tagalog,,tl,3,Brahmic,NA,NA,NA,0.364810331,NA,NA,0.618602581,NA,NA,NA,NA,0.746829,0.725754,NA,NA,NA,NA,NA,NA,NA,NA,NA,NA,NA,NA,NA,F1 Score,HigherBetter
PAN-X,Name Entity Recognition,Turkish,2,tr,4,Latin,NA,NA,NA,0.505335844,NA,NA,0.729403149,NA,NA,NA,NA,0.802622,0.733762,NA,NA,NA,NA,0.5691,NA,NA,NA,NA,NA,NA,NA,NA,F1 Score,HigherBetter
PAN-X,Name Entity Recognition,Ukrainian,3,uk,3,Cyrillic,NA,NA,NA,0.343635921,NA,NA,0.583923622,NA,NA,NA,NA,0.780072,0.696605,NA,NA,NA,NA,0.3839,NA,NA,NA,NA,NA,NA,NA,NA,F1 Score,HigherBetter
PAN-X,Name Entity Recognition,Urdu,,ur,3,Perso-Arabic,NA,NA,NA,0.356859635,NA,NA,0.696248856,NA,NA,NA,NA,0.602857,0.354104,NA,NA,NA,NA,NA,NA,NA,NA,NA,NA,NA,NA,NA,F1 Score,HigherBetter
PAN-X,Name Entity Recognition,Vietnamese,3,vi,4,Latin,NA,NA,NA,0.335168617,NA,NA,0.583641595,NA,NA,NA,NA,0.783406,0.745047,NA,NA,NA,NA,0.4056,NA,NA,NA,NA,NA,NA,NA,NA,F1 Score,HigherBetter
PAN-X,Name Entity Recognition,Yoruba,,yo,2,Latin,NA,NA,NA,0.569037657,NA,NA,0.738738739,NA,NA,NA,NA,0.370044,0.45815,NA,NA,NA,NA,NA,NA,NA,NA,NA,NA,NA,NA,NA,F1 Score,HigherBetter
PAN-X,Name Entity Recognition,Chinese,,zh,5,Chinese,NA,NA,NA,0.133394348,NA,NA,0.185028993,NA,NA,NA,NA,0.266484,0.424965,NA,NA,NA,NA,0.1193,NA,NA,NA,NA,NA,NA,NA,NA,F1 Score,HigherBetter
PAWS-X,Paraphrase Identification,German,1,de,5,Latin,0.706,0.6975,0.6695,0.7055,0.7075,0.7235,0.74,NA,NA,0.9505,0.8425,0.897,0.857,NA,NA,0.894,NA,0.777,0.651,0.5225,0.6375,NA,NA,NA,NA,NA,Accuracy,HigherBetter
PAWS-X,Paraphrase Identification,English,0,en,5,Latin,0.725,0.725,0.725,0.724,0.724,0.724,0.762,NA,NA,0.9715,0.898,0.947,0.94,NA,NA,0.954,NA,0.815,0.6835,0.6325,0.532,NA,NA,NA,NA,NA,Accuracy,HigherBetter
PAWS-X,Paraphrase Identification,Spanish,1,es,5,Latin,0.727,0.701,0.69,0.7195,0.6965,0.7105,0.741,NA,NA,0.9475,0.889,0.901,0.874,NA,NA,0.896,NA,0.777,0.6695,0.577,0.64975,NA,NA,NA,NA,NA,Accuracy,HigherBetter
PAWS-X,Paraphrase Identification,French,1,fr,5,Latin,0.7065,0.713,0.68,0.721,0.7005,0.7145,0.7255,NA,NA,0.9555,0.8745,0.904,0.87,NA,NA,0.912,NA,0.785,0.6695,0.54,0.6555,NA,NA,NA,NA,NA,Accuracy,HigherBetter
PAWS-X,Paraphrase Identification,Japanese,1,ja,5,Ideograms,0.6055,0.6535,0.5455,0.672,0.619,0.66,0.7145,NA,NA,0.894,0.744,0.787,0.73,NA,NA,0.798,NA,0.7315,0.56,0,0.465,NA,NA,NA,NA,NA,Accuracy,HigherBetter
PAWS-X,Paraphrase Identification,Korean,2,ko,4,Hangul,0.618,0.6575,0.553,0.6645,0.6245,0.6445,0.699,NA,NA,0.904,0.8575,0.79,0.696,NA,NA,0.785,NA,0.7115,0.538,0,0.2765,NA,NA,NA,NA,NA,Accuracy,HigherBetter
PAWS-X,Paraphrase Identification,Chinese,,zh,5,Chinese,0.608,0.6515,0.5905,0.6915,0.631,0.6745,0.7255,NA,NA,0.904,0.652,0.823,0.77,NA,NA,0.811,NA,0.7635,0.605,0.06,0.5395,NA,NA,NA,NA,NA,Accuracy,HigherBetter
TyDiQA-GoldP,Question Answering,Arabic,2,ar,5,Arabic,0.562014318,NA,0.507838041,0.5085079,NA,NA,0.6082209,NA,NA,0.841082735,0.818553,0.676,0.622,NA,NA,0.671,NA,0.762556241,0.0018,0.0018,0.0018,NA,NA,NA,NA,NA,F1 Score,HigherBetter
TyDiQA-GoldP,Question Answering,Bengali,,bn,3,Brahmic,0.161441214,NA,0.750948167,0.6069743,NA,NA,0.6796671,NA,NA,0.869321534,0.877655,0.64,0.493,NA,NA,0.407,NA,0.771511232,0,0,0,NA,NA,NA,NA,NA,F1 Score,HigherBetter
TyDiQA-GoldP,Question Answering,English,0,en,5,Latin,0.737305218,NA,0.737305218,0.5478188,NA,NA,0.7287,NA,NA,0.853540969,0.824489,0.715,0.753,NA,NA,0.718,NA,0.76151232,0.2096,0.2763,0.2867,NA,NA,NA,NA,NA,F1 Score,HigherBetter
TyDiQA-GoldP,Question Answering,Finnish,2,fi,4,Latin,0.702966541,NA,0.708715257,0.665581,NA,NA,0.7539155,NA,NA,0.837653166,0.436158,0.705,0.597,NA,NA,0.67,NA,0.786001915,0.1057,0.1017,0.10355,NA,NA,NA,NA,NA,F1 Score,HigherBetter
TyDiQA-GoldP,Question Answering,Indonesian,3,id,3,Latin,0.685723916,NA,0.694028008,0.6716276,NA,NA,0.8075999,NA,NA,0.887753182,0.850324,0.774,0.648,NA,NA,0.713,NA,0.816851411,0.1267,0.1039,0.113,NA,NA,NA,NA,NA,F1 Score,HigherBetter
TyDiQA-GoldP,Question Answering,Korean,2,ko,4,Hangul,0.405710458,NA,0.274780109,0.5967885,NA,NA,0.6972,NA,NA,0.784701354,0.522697,0.319,0.588,NA,NA,0.495,NA,0.726082731,0.0061,0.0075,0.0075,NA,NA,NA,NA,NA,F1 Score,HigherBetter
TyDiQA-GoldP,Question Answering,Russian,2,ru,4,Cyrillic,0.423475466,NA,0.366764761,0.4578013,NA,NA,0.6140114,NA,NA,0.819404532,0.674141,0.67,0.6,NA,NA,0.549,NA,0.701990266,0.0771,0.0625,0.0957,NA,NA,NA,NA,NA,F1 Score,HigherBetter
TyDiQA-GoldP,Question Answering,Swahili,,sw,2,Latin,0.741416071,NA,0.68902147,0.6430053,NA,NA,0.8175024,NA,NA,0.872288267,0.860214,0.661,0.575,NA,NA,0.604,NA,0.796244289,0.145,0.1458,0.155,NA,NA,NA,NA,NA,F1 Score,HigherBetter
TyDiQA-GoldP,Question Answering,Telugu,,te,1,Brahmic,0.057834484,NA,0.057855838,0.708983,NA,NA,0.724883,NA,NA,0.851714375,0.903316,0.701,0.496,NA,NA,0.406,NA,NA,0,0,0,NA,NA,NA,NA,NA,F1 Score,HigherBetter
UDPOS,Part of Speech Tagging,Afrikaans,,af,3,Latin,NA,NA,NA,0.743339024,NA,NA,0.776215098,NA,NA,NA,NA,0.892096,0.866605,NA,NA,NA,NA,NA,NA,NA,NA,NA,NA,NA,NA,NA,F1 Score,HigherBetter
UDPOS,Part of Speech Tagging,Arabic,2,ar,5,Arabic,NA,NA,NA,0.383470822,NA,NA,0.419594298,NA,NA,NA,NA,0.629601,0.499898,NA,NA,NA,NA,0.5057,NA,NA,NA,NA,NA,NA,NA,NA,F1 Score,HigherBetter
UDPOS,Part of Speech Tagging,Bulgarian,3,bg,3,Cyrillic,NA,NA,NA,0.791476523,NA,NA,0.830709999,NA,NA,NA,NA,0.882954,0.847393,NA,NA,NA,NA,0.8233,NA,NA,NA,NA,NA,NA,NA,NA,F1 Score,HigherBetter
UDPOS,Part of Speech Tagging,German,1,de,5,Latin,NA,NA,NA,0.806625627,NA,NA,0.862861143,NA,NA,NA,NA,0.911559,0.887178,NA,NA,NA,NA,0.7494,NA,NA,NA,NA,NA,NA,NA,NA,F1 Score,HigherBetter
UDPOS,Part of Speech Tagging,Greek,3,el,3,Greek,NA,NA,NA,0.470904026,NA,NA,0.497849299,NA,NA,NA,NA,0.865108,0.809089,NA,NA,NA,NA,0.6603,NA,NA,NA,NA,NA,NA,NA,NA,F1 Score,HigherBetter
UDPOS,Part of Speech Tagging,English,0,en,5,Latin,NA,NA,NA,0.784927536,NA,NA,,NA,NA,NA,NA,0.970245,0.963857,NA,NA,NA,NA,0.7041,NA,NA,NA,NA,NA,NA,NA,NA,F1 Score,HigherBetter
UDPOS,Part of Speech Tagging,Spanish,1,es,5,Latin,NA,NA,NA,0.347567031,NA,NA,0.683826941,NA,NA,NA,NA,0.892468,0.865721,NA,NA,NA,NA,0.6071,NA,NA,NA,NA,NA,NA,NA,NA,F1 Score,HigherBetter
UDPOS,Part of Speech Tagging,Estonian,3,et,3,Latin,NA,NA,NA,0.759794738,NA,NA,0.80244998,NA,NA,NA,NA,0.872729,0.798705,NA,NA,NA,NA,0.7393,NA,NA,NA,NA,NA,NA,NA,NA,F1 Score,HigherBetter
UDPOS,Part of Speech Tagging,Basque,,eu,4,Latin,NA,NA,NA,0.720045056,NA,NA,0.792868232,NA,NA,NA,NA,0.748651,0.620762,NA,NA,NA,NA,NA,NA,NA,NA,NA,NA,NA,NA,NA,F1 Score,HigherBetter
UDPOS,Part of Speech Tagging,Persian,,fa,4,Perso-Arabic,NA,NA,NA,0.466717674,NA,NA,0.464302704,NA,NA,NA,NA,0.707765,0.655308,NA,NA,NA,NA,NA,NA,NA,NA,NA,NA,NA,NA,NA,F1 Score,HigherBetter
UDPOS,Part of Speech Tagging,Finnish,2,fi,4,Latin,NA,NA,NA,0.795390925,NA,NA,0.827171783,NA,NA,NA,NA,0.827094,0.732814,NA,NA,NA,NA,0.7938,NA,NA,NA,NA,NA,NA,NA,NA,F1 Score,HigherBetter
UDPOS,Part of Speech Tagging,French,1,fr,5,Latin,NA,NA,NA,0.780360531,NA,NA,0.854032563,NA,NA,NA,NA,0.867069,0.811541,NA,NA,NA,NA,0.8488,NA,NA,NA,NA,NA,NA,NA,NA,F1 Score,HigherBetter
UDPOS,Part of Speech Tagging,Hebrew,2,he,3,Hebrew,NA,NA,NA,0.538003273,NA,NA,0.603686636,NA,NA,NA,NA,0.675042,0.554672,NA,NA,NA,NA,0.7218,NA,NA,NA,NA,NA,NA,NA,NA,F1 Score,HigherBetter
UDPOS,Part of Speech Tagging,Hindi,,hi,4,Devanagari,NA,NA,NA,0.506851837,NA,NA,0.5218787,NA,NA,NA,NA,0.752234,0.66046,NA,NA,NA,NA,0.7134,NA,NA,NA,NA,NA,NA,NA,NA,F1 Score,HigherBetter
UDPOS,Part of Speech Tagging,Hungarian,2,hu,4,Latin,NA,NA,NA,0.654324253,NA,NA,0.683441473,NA,NA,NA,NA,0.833925,0.785615,NA,NA,NA,NA,0.6834,NA,NA,NA,NA,NA,NA,NA,NA,F1 Score,HigherBetter
UDPOS,Part of Speech Tagging,Indonesian,3,id,3,Latin,NA,NA,NA,0.636416846,NA,NA,0.685734955,NA,NA,NA,NA,0.756938,0.74197,NA,NA,NA,NA,0.6416,NA,NA,NA,NA,NA,NA,NA,NA,F1 Score,HigherBetter
UDPOS,Part of Speech Tagging,Italian,1,it,4,Latin,NA,NA,NA,0.753641955,NA,NA,0.841413842,NA,NA,NA,NA,0.892392,0.877673,NA,NA,NA,NA,0.7511,NA,NA,NA,NA,NA,NA,NA,NA,F1 Score,HigherBetter
UDPOS,Part of Speech Tagging,Japanese,1,ja,5,Ideograms,NA,NA,NA,0.474006623,NA,NA,0.601731602,NA,NA,NA,NA,0.2932,0.471863,NA,NA,NA,NA,0.6305,NA,NA,NA,NA,NA,NA,NA,NA,F1 Score,HigherBetter
UDPOS,Part of Speech Tagging,Kazakh,,kk,3,Cyrillic,NA,NA,NA,0.647750697,NA,NA,,NA,NA,NA,NA,0.783274,0.703706,NA,NA,NA,NA,NA,NA,NA,NA,NA,NA,NA,NA,NA,F1 Score,HigherBetter
UDPOS,Part of Speech Tagging,Korean,2,ko,4,Hangul,NA,NA,NA,0.390205619,NA,NA,0.511770196,NA,NA,NA,NA,0.570654,0.516502,NA,NA,NA,NA,0.471,NA,NA,NA,NA,NA,NA,NA,NA,F1 Score,HigherBetter
UDPOS,Part of Speech Tagging,Lithuanian,3,lt,3,Latin,NA,NA,NA,0.713099283,NA,NA,0.737487617,NA,NA,NA,NA,0.841635,0.787793,NA,NA,NA,NA,0.7362,NA,NA,NA,NA,NA,NA,NA,NA,F1 Score,HigherBetter
UDPOS,Part of Speech Tagging,Marathi,,mr,2,Devanagari,NA,NA,NA,0.579494799,NA,NA,0.790909091,NA,NA,NA,NA,0.818182,0.686614,NA,NA,NA,NA,NA,NA,NA,NA,NA,NA,NA,NA,NA,F1 Score,HigherBetter
UDPOS,Part of Speech Tagging,Dutch,2,nl,4,Latin,NA,NA,NA,0.782752343,NA,NA,0.817932296,NA,NA,NA,NA,0.895388,0.886374,NA,NA,NA,NA,0.7286,NA,NA,NA,NA,NA,NA,NA,NA,F1 Score,HigherBetter
UDPOS,Part of Speech Tagging,Polish,2,pl,4,Latin,NA,NA,NA,0.817120088,NA,NA,0.80740384,NA,NA,NA,NA,0.868332,0.807035,NA,NA,NA,NA,0.8158,NA,NA,NA,NA,NA,NA,NA,NA,F1 Score,HigherBetter
UDPOS,Part of Speech Tagging,Portuguese,,pt,4,Latin,NA,NA,NA,0.766502085,NA,NA,0.81032666,NA,NA,NA,NA,0.902124,0.879888,NA,NA,NA,NA,0.75231,NA,NA,NA,NA,NA,NA,NA,NA,F1 Score,HigherBetter
UDPOS,Part of Speech Tagging,Romanian,3,ro,3,Latin,NA,NA,NA,0.666578017,NA,NA,0.66322941,NA,NA,NA,NA,0.825659,0.714723,NA,NA,NA,NA,0.6771,NA,NA,NA,NA,NA,NA,NA,NA,F1 Score,HigherBetter
UDPOS,Part of Speech Tagging,Russian,2,ru,4,Cyrillic,NA,NA,NA,0.698717949,NA,NA,0.74657593,NA,NA,NA,NA,0.872768,0.82426,NA,NA,NA,NA,0.7359,NA,NA,NA,NA,NA,NA,NA,NA,F1 Score,HigherBetter
UDPOS,Part of Speech Tagging,Tamil,,ta,3,Brahmic,NA,NA,NA,0.326278085,NA,NA,0.346640701,NA,NA,NA,NA,0.640295,0.585399,NA,NA,NA,NA,NA,NA,NA,NA,NA,NA,NA,NA,NA,F1 Score,HigherBetter
UDPOS,Part of Speech Tagging,Telugu,,te,1,Brahmic,NA,NA,NA,0.798479087,NA,NA,0.846212701,NA,NA,NA,NA,0.842105,0.751751,NA,NA,NA,NA,NA,NA,NA,NA,NA,NA,NA,NA,NA,F1 Score,HigherBetter
UDPOS,Part of Speech Tagging,Thai,2,th,3,Brahmic,NA,NA,NA,0.255046198,NA,NA,0.311791765,NA,NA,NA,NA,0.485221,0.413367,NA,NA,NA,NA,NA,NA,NA,NA,NA,NA,NA,NA,NA,F1 Score,HigherBetter
UDPOS,Part of Speech Tagging,Tagalog,,tl,3,Brahmic,NA,NA,NA,0.54290718,NA,NA,0.583509514,NA,NA,NA,NA,0.924138,0.804836,NA,NA,NA,NA,NA,NA,NA,NA,NA,NA,NA,NA,NA,F1 Score,HigherBetter
UDPOS,Part of Speech Tagging,Turkish,2,tr,4,Latin,NA,NA,NA,0.772489182,NA,NA,0.769903359,NA,NA,NA,NA,0.811858,0.705152,NA,NA,NA,NA,0.7652,NA,NA,NA,NA,NA,NA,NA,NA,F1 Score,HigherBetter
UDPOS,Part of Speech Tagging,Ukrainian,3,uk,3,Cyrillic,NA,NA,NA,0.589037169,NA,NA,0.619490446,NA,NA,NA,NA,0.857879,0.805878,NA,NA,NA,NA,0.6393,NA,NA,NA,NA,NA,NA,NA,NA,F1 Score,HigherBetter
UDPOS,Part of Speech Tagging,Urdu,,ur,3,Perso-Arabic,NA,NA,NA,0.398738612,NA,NA,0.413271109,NA,NA,NA,NA,0.707843,0.565579,NA,NA,NA,NA,NA,NA,NA,NA,NA,NA,NA,NA,NA,F1 Score,HigherBetter
UDPOS,Part of Speech Tagging,Vietnamese,3,vi,4,Latin,NA,NA,NA,0.576701269,NA,NA,0.647123947,NA,NA,NA,NA,0.58451,0.553614,NA,NA,NA,NA,0.6978,NA,NA,NA,NA,NA,NA,NA,NA,F1 Score,HigherBetter
UDPOS,Part of Speech Tagging,Wolof,,wo,2,Latin,NA,NA,NA,0.503702067,NA,NA,0.590755978,NA,NA,NA,NA,0,0,NA,NA,NA,NA,NA,NA,NA,NA,NA,NA,NA,NA,NA,F1 Score,HigherBetter
UDPOS,Part of Speech Tagging,Yoruba,,yo,2,Latin,NA,NA,NA,0.069695084,NA,NA,0.338143338,NA,NA,NA,NA,0.24836,0.566428,NA,NA,NA,NA,NA,NA,NA,NA,NA,NA,NA,NA,NA,F1 Score,HigherBetter
UDPOS,Part of Speech Tagging,Chinese,,zh,5,Chinese,NA,NA,NA,0.571901095,NA,NA,0.634995912,NA,NA,NA,NA,0.441275,0.59627,NA,NA,NA,NA,0.6711,NA,NA,NA,NA,NA,NA,NA,NA,F1 Score,HigherBetter
WinoMT,Gender Bias,Arabic,2,ar,5,Arabic,NA,NA,NA,0.611,NA,NA,NA,NA,NA,NA,0.481,NA,NA,NA,NA,NA,NA,NA,NA,NA,NA,NA,NA,0.45,0.458,0.456,Accuracy,HigherBetter
WinoMT,Gender Bias,German,1,de,5,Latin,NA,NA,NA,0.575,NA,NA,NA,NA,NA,NA,0.476,NA,NA,NA,NA,NA,NA,NA,NA,NA,NA,NA,NA,0.741,0.594,0.485,Accuracy,HigherBetter
WinoMT,Gender Bias,Spanish,1,es,5,Latin,NA,NA,NA,0.549,NA,NA,NA,NA,NA,NA,0.556,NA,NA,NA,NA,NA,NA,NA,NA,NA,NA,NA,NA,0.45,0.509,0.425,Accuracy,HigherBetter
WinoMT,Gender Bias,French,1,fr,5,Latin,NA,NA,NA,0.527,NA,NA,NA,NA,NA,NA,0.52,NA,NA,NA,NA,NA,NA,NA,NA,NA,NA,NA,NA,0.445,0.616,0.434,Accuracy,HigherBetter
WinoMT,Gender Bias,Hebrew,2,he,3,Hebrew,NA,NA,NA,0.575,NA,NA,NA,NA,NA,NA,0.275,NA,NA,NA,NA,NA,NA,NA,NA,NA,NA,NA,NA,0.44,0.508,0.431,Accuracy,HigherBetter
WinoMT,Gender Bias,Italian,1,it,4,Latin,NA,NA,NA,0.451,NA,NA,NA,NA,NA,NA,0.457,NA,NA,NA,NA,NA,NA,NA,NA,NA,NA,NA,NA,0.388,0.386,0.381,Accuracy,HigherBetter
WinoMT,Gender Bias,Russian,2,ru,4,Cyrillic,NA,NA,NA,0.41,NA,NA,NA,NA,NA,NA,0.059,NA,NA,NA,NA,NA,NA,NA,NA,NA,NA,NA,NA,0.369,0.378,0.373,Accuracy,HigherBetter
WinoMT,Gender Bias,Ukrainian,3,uk,3,Cyrillic,NA,NA,NA,0.429,NA,NA,NA,NA,NA,NA,0.168,NA,NA,NA,NA,NA,NA,NA,NA,NA,NA,NA,NA,0.413,0.384,0.289,Accuracy,HigherBetter
XCOPA,Commonsense Reasoning,English,0,en,5,Latin,0.982,0.982,0.982,0.978,0.978,0.978,0.996,0.996,NA,NA,0.88,NA,NA,NA,NA,NA,NA,0.9907,0.74,0.91,0.94,NA,NA,NA,NA,NA,Accuracy,HigherBetter
XCOPA,Commonsense Reasoning,Estonian,3,et,3,Latin,0.878,0.896,0.896,0.906,0.882,0.682,0.988,0.944,NA,0.774,0.48,NA,NA,NA,0.659,0.503,NA,0.9702,0.506,0.512,0.466,NA,NA,NA,NA,NA,Accuracy,HigherBetter
XCOPA,Commonsense Reasoning,Haitian Creole,,ht,0,Latin,0.75,0.828,0.828,0.72,0.794,0.524,0.932,0.858,NA,0.78,0.55,NA,NA,NA,0.589,0.499,NA,NA,0.512,0.494,0.436,NA,NA,NA,NA,NA,Accuracy,HigherBetter
XCOPA,Commonsense Reasoning,Indonesian,3,id,3,Latin,0.914,0.93,0.93,0.904,0.908,0.838,0.976,0.96,NA,0.926,0.86,NA,NA,NA,0.689,0.492,NA,0.9801,0.59,0.724,0.4,NA,NA,NA,NA,NA,Accuracy,HigherBetter
XCOPA,Commonsense Reasoning,Italian,1,it,4,Latin,0.96,0.946,0.946,0.952,0.944,0.88,0.998,0.982,NA,0.96,0.74,NA,NA,NA,0.692,0.496,NA,0.9801,0.706,0.798,0.526,NA,NA,NA,NA,NA,Accuracy,HigherBetter
XCOPA,Commonsense Reasoning,Quechua,,qu,1,Latin,0.548,0.5,0.5,0.546,0.5,0.104,0.586,NA,NA,0.61,0.5,NA,NA,NA,0.471,0.505,NA,NA,0.504,0.502,0.372,NA,NA,NA,NA,NA,Accuracy,HigherBetter
XCOPA,Commonsense Reasoning,Swahili,,sw,2,Latin,0.636,0.828,0.828,0.82,0.776,0.654,0.944,0.858,NA,0.694,0.6,NA,NA,NA,0.629,0.504,NA,0.891,0.506,0.504,0.342,NA,NA,NA,NA,NA,Accuracy,HigherBetter
XCOPA,Commonsense Reasoning,Tamil,,ta,3,Brahmic,0.538,0.87,0.87,0.59,0.87,0.544,0.796,0.914,NA,0.854,0.67,NA,NA,NA,0.563,0.492,NA,NA,0.496,0,0.214,NA,NA,NA,NA,NA,Accuracy,HigherBetter
XCOPA,Commonsense Reasoning,Thai,2,th,3,Brahmic,0.666,0.848,0.848,0.776,0.822,0.712,0.878,0.878,NA,0.872,0.5,NA,NA,NA,0.62,0.507,NA,0.9504,0.52,0,0.246,NA,NA,NA,NA,NA,Accuracy,HigherBetter
XCOPA,Commonsense Reasoning,Turkish,2,tr,4,Latin,0.878,0.898,0.898,0.91,0.878,0.798,0.974,0.922,NA,0.928,0.54,NA,NA,NA,0.585,0.495,NA,0.9306,0.526,0.54,0.44,NA,NA,NA,NA,NA,Accuracy,HigherBetter
XCOPA,Commonsense Reasoning,Vietnamese,3,vi,4,Latin,NA,NA,NA,NA,NA,NA,NA,NA,NA,NA,NA,NA,NA,NA,NA,NA,NA,0.9801,0.58,0.018,0.52,NA,NA,NA,NA,NA,Accuracy,HigherBetter
XCOPA,Commonsense Reasoning,Chinese,,zh,5,Chinese,NA,NA,NA,NA,NA,NA,NA,NA,NA,NA,NA,NA,NA,NA,NA,NA,NA,0.99,0.592,0.702,0.35,NA,NA,NA,NA,NA,Accuracy,HigherBetter
XLSum,Summarization,Amharic,,am,2,Ge'ez,NA,NA,NA,0.094,0.033493811,NA,0.1685,NA,NA,NA,NA,NA,NA,NA,NA,0.2463,NA,NA,0,0,0,NA,NA,NA,NA,NA,ROUGE-L,HigherBetter
XLSum,Summarization,Arabic,2,ar,5,Arabic,NA,NA,NA,0.2478,NA,NA,0.2313,NA,NA,NA,NA,NA,NA,NA,NA,0.3118,NA,0.055,0,0,0.35,NA,NA,NA,NA,NA,ROUGE-L,HigherBetter
XLSum,Summarization,Azerbaijani,,az,1,Latin,NA,NA,NA,0.158,NA,NA,0.1555,NA,NA,NA,NA,NA,NA,NA,NA,0.2439,NA,NA,0.320375351,0.25,0,NA,NA,NA,NA,NA,ROUGE-L,HigherBetter
XLSum,Summarization,Bengali,,bn,3,Brahmic,NA,NA,NA,0.1713,0.131775964,NA,0.1795,NA,NA,NA,NA,NA,NA,NA,NA,0.2423,NA,NA,0,0,NA,NA,NA,NA,NA,NA,ROUGE-L,HigherBetter
XLSum,Summarization,Welsh,,cy,1,Latin,NA,NA,NA,0.2189,0.216900624,NA,0.2551,NA,NA,NA,NA,NA,NA,NA,NA,0.2986,NA,NA,0.237816359,0.27,0,NA,NA,NA,NA,NA,ROUGE-L,HigherBetter
XLSum,Summarization,English,0,en,5,Latin,NA,NA,NA,0.2587,NA,NA,0.2746,NA,NA,NA,NA,NA,NA,NA,NA,0.351,NA,0.002,0,NA,NA,NA,NA,NA,NA,NA,ROUGE-L,HigherBetter
XLSum,Summarization,Spanish,1,es,5,Latin,NA,NA,NA,0.2064,0.185057658,NA,0.197,NA,NA,NA,NA,NA,NA,NA,NA,0.2736,NA,0,0,NA,NA,NA,NA,NA,NA,NA,ROUGE-L,HigherBetter
XLSum,Summarization,Persian,,fa,4,Perso-Arabic,NA,NA,NA,0.2302,0.19561811,NA,0.2368,NA,NA,NA,NA,NA,NA,NA,NA,0.3349,NA,NA,0,0,0,NA,NA,NA,NA,NA,ROUGE-L,HigherBetter
XLSum,Summarization,French,1,fr,5,Latin,NA,NA,NA,0.2584,0.227366721,NA,0.2332,NA,NA,NA,NA,NA,NA,NA,NA,0.3128,NA,0,0,NA,NA,NA,NA,NA,NA,NA,ROUGE-L,HigherBetter
XLSum,Summarization,Scottish_gaelic,,gd,1,Latin,NA,NA,NA,0.2318,NA,NA,0.2461,NA,NA,NA,NA,NA,NA,NA,NA,0.2629,NA,NA,0.07071424,0.08,0.03,NA,NA,NA,NA,NA,ROUGE-L,HigherBetter
XLSum,Summarization,Gujarati,,gu,1,Devanagari,NA,NA,NA,0,0.135298554,NA,0.1645,NA,NA,NA,NA,NA,NA,NA,NA,0.2271,NA,NA,0,NA,NA,NA,NA,NA,NA,NA,ROUGE-L,HigherBetter
XLSum,Summarization,Hausa,,ha,2,Latin,NA,NA,NA,0.2372,NA,NA,0.2448,NA,NA,NA,NA,NA,NA,NA,NA,0.3525,NA,NA,0.077177739,0.04,0.07,NA,NA,NA,NA,NA,ROUGE-L,HigherBetter
XLSum,Summarization,Hindi,,hi,4,Devanagari,NA,NA,NA,0.2361,0.218463331,NA,0.2398,NA,NA,NA,NA,NA,NA,NA,NA,0.3352,NA,0.025,0,0,0,NA,NA,NA,NA,NA,ROUGE-L,HigherBetter
XLSum,Summarization,Indonesian,3,id,3,Latin,NA,NA,NA,0.2677,0.230241234,NA,0.2545,NA,NA,NA,NA,NA,NA,NA,NA,0.3444,NA,0,0.027002225,0.02,0.12,NA,NA,NA,NA,NA,ROUGE-L,HigherBetter
XLSum,Summarization,Igbo,,ig,1,Latin,NA,NA,NA,0.19,NA,NA,0.2002,NA,NA,NA,NA,NA,NA,NA,NA,0.2563,NA,NA,0.105176555,0.11,0.03,NA,NA,NA,NA,NA,ROUGE-L,HigherBetter
XLSum,Summarization,Japanese,1,ja,5,Ideograms,NA,NA,NA,0.2644,0.201656555,NA,0.2905,NA,NA,NA,NA,NA,NA,NA,NA,0.3866,NA,0,0,NA,NA,NA,NA,NA,NA,NA,ROUGE-L,HigherBetter
XLSum,Summarization,Korean,2,ko,4,Hangul,NA,NA,NA,0.1469,0.098512621,NA,0.1531,NA,NA,NA,NA,NA,NA,NA,NA,0.2708,NA,0.0212,0,NA,NA,NA,NA,NA,NA,NA,ROUGE-L,HigherBetter
XLSum,Summarization,Kyrgyz,,ky,1,Cyrillic,NA,NA,NA,0.1206,NA,NA,0.1335,NA,NA,NA,NA,NA,NA,NA,NA,0.1768,NA,NA,0,0,0.36,NA,NA,NA,NA,NA,ROUGE-L,HigherBetter
XLSum,Summarization,Marathi,,mr,2,Devanagari,NA,NA,NA,0.1382,0.128863298,NA,0.1436,NA,NA,NA,NA,NA,NA,NA,NA,0.2293,NA,NA,0,NA,NA,NA,NA,NA,NA,NA,ROUGE-L,HigherBetter
XLSum,Summarization,Burmese,,my,1,Brahmic,NA,NA,NA,0.077,NA,NA,0.0633,NA,NA,NA,NA,NA,NA,NA,NA,0.1725,NA,NA,0,0,0,NA,NA,NA,NA,NA,ROUGE-L,HigherBetter
XLSum,Summarization,Nepali,,ne,1,Devanagari,NA,NA,NA,0.1573,0.141034118,NA,0.1848,NA,NA,NA,NA,NA,NA,NA,NA,0.2786,NA,NA,0,0,0,NA,NA,NA,NA,NA,ROUGE-L,HigherBetter
XLSum,Summarization,Oromo,,om,1,Latin,NA,NA,NA,0.1439,NA,NA,0.1465,NA,NA,NA,NA,NA,NA,NA,NA,0.2227,NA,NA,0.011488934,0.01,0.08,NA,NA,NA,NA,NA,ROUGE-L,HigherBetter
XLSum,Summarization,Punjabi,,pa,2,Gurmukhi,NA,NA,NA,0.2292,0.193465023,NA,0.2242,NA,NA,NA,NA,NA,NA,NA,NA,0.288,NA,NA,0,NA,NA,NA,NA,NA,NA,NA,ROUGE-L,HigherBetter
XLSum,Summarization,Pidgin,,pidgin,0,Latin,NA,NA,NA,0.2358,NA,NA,0.2714,NA,NA,NA,NA,NA,NA,NA,NA,0.3473,NA,NA,0.057385512,0.06,0.13,NA,NA,NA,NA,NA,ROUGE-L,HigherBetter
XLSum,Summarization,Pashto,,ps,1,Perso-Arabic,NA,NA,NA,0.2134,0.206554846,NA,0.2392,NA,NA,NA,NA,NA,NA,NA,NA,0.3566,NA,NA,0,0,0,NA,NA,NA,NA,NA,ROUGE-L,HigherBetter
XLSum,Summarization,Portuguese,,pt,4,Latin,NA,NA,NA,0.2488,NA,NA,0.2396,NA,NA,NA,NA,NA,NA,NA,NA,0.3231,NA,0,0.074291154,0.07,0.05,NA,NA,NA,NA,NA,ROUGE-L,HigherBetter
XLSum,Summarization,Kirundi,,rn,1,Latin,NA,NA,NA,0.2051,NA,NA,0.2187,NA,NA,NA,NA,NA,NA,NA,NA,0.316,NA,NA,0,0.04,0.02,NA,NA,NA,NA,NA,ROUGE-L,HigherBetter
XLSum,Summarization,Russian,2,ru,4,Cyrillic,NA,NA,NA,NA,NA,NA,NA,NA,NA,NA,NA,NA,NA,NA,NA,NA,NA,0.047,0.001,0,0,NA,NA,NA,NA,NA,ROUGE-L,HigherBetter
XLSum,Summarization,Sinhala,,si,0,Sinhala,NA,NA,NA,0.0924,NA,NA,0.1539,NA,NA,NA,NA,NA,NA,NA,NA,0.2125,NA,NA,0,0,0,NA,NA,NA,NA,NA,ROUGE-L,HigherBetter
XLSum,Summarization,Somali,,so,1,Latin,NA,NA,NA,0.2124,NA,NA,0.1741,NA,NA,NA,NA,NA,NA,NA,NA,0.2759,NA,NA,0.036466927,0.03,0.09,NA,NA,NA,NA,NA,ROUGE-L,HigherBetter
XLSum,Summarization,Serbian_Cyrillic,,sr,4,Cyrillic,NA,NA,NA,0.1114,0.163196438,NA,0.181,NA,NA,NA,NA,NA,NA,NA,NA,0.2381,NA,NA,0.000794524,0,0,NA,NA,NA,NA,NA,ROUGE-L,HigherBetter
XLSum,Summarization,Serbian_Latin,3,sr,4,Latin,NA,NA,NA,0.1668,0.159794918,NA,0.1627,NA,NA,NA,NA,NA,NA,NA,NA,0.2164,NA,NA,0.039537909,0.04,0.03,NA,NA,NA,NA,NA,ROUGE-L,HigherBetter
XLSum,Summarization,Swahili,,sw,2,Latin,NA,NA,NA,0.2734,0.232782909,NA,0.085,NA,NA,NA,NA,NA,NA,NA,NA,0.3584,NA,0,0.040557393,0.037088783,0.084863975,NA,NA,NA,NA,NA,ROUGE-L,HigherBetter
XLSum,Summarization,Tamil,,ta,3,Brahmic,NA,NA,NA,NA,NA,NA,NA,NA,NA,NA,NA,NA,NA,NA,NA,NA,NA,NA,0,0,0,NA,NA,NA,NA,NA,ROUGE-L,HigherBetter
XLSum,Summarization,Telugu,,te,1,Brahmic,NA,NA,NA,0.0063,0.118529974,NA,0.1486,NA,NA,NA,NA,NA,NA,NA,NA,0.193,NA,NA,0,NA,NA,NA,NA,NA,NA,NA,ROUGE-L,HigherBetter
XLSum,Summarization,Thai,2,th,3,Brahmic,NA,NA,NA,0.0888,0.06329418,NA,0.0973,NA,NA,NA,NA,NA,NA,NA,NA,0.1381,NA,0,0,0,0,NA,NA,NA,NA,NA,ROUGE-L,HigherBetter
XLSum,Summarization,Tigrinya,,ti,2,Ge'ez,NA,NA,NA,0,0.058242324,NA,0.1879,NA,NA,NA,NA,NA,NA,NA,NA,0.2703,NA,NA,0,0,0,NA,NA,NA,NA,NA,ROUGE-L,HigherBetter
XLSum,Summarization,Turkish,2,tr,4,Latin,NA,NA,NA,0.2202,0.182261929,NA,0.1778,NA,NA,NA,NA,NA,NA,NA,NA,0.3183,NA,NA,0.048865421,0.02,0.06,NA,NA,NA,NA,NA,ROUGE-L,HigherBetter
XLSum,Summarization,Ukrainian,3,uk,3,Cyrillic,NA,NA,NA,0.1791,0.156758434,NA,0.182,NA,NA,NA,NA,NA,NA,NA,NA,0.2494,NA,NA,0,0,0,NA,NA,NA,NA,NA,ROUGE-L,HigherBetter
XLSum,Summarization,Urdu,,ur,3,Perso-Arabic,NA,NA,NA,0.2555,0.238262586,NA,0.2549,NA,NA,NA,NA,NA,NA,NA,NA,0.3591,NA,NA,0,0,0,NA,NA,NA,NA,NA,ROUGE-L,HigherBetter
XLSum,Summarization,Uzbek,,uz,3,Latin,NA,NA,NA,0.1178,0.005697638,NA,0.1226,NA,NA,NA,NA,NA,NA,NA,NA,0.1897,NA,NA,0,0,0,NA,NA,NA,NA,NA,ROUGE-L,HigherBetter
XLSum,Summarization,Vietnamese,3,vi,4,Latin,NA,NA,NA,0.2089,0.19184159,NA,0.2158,NA,NA,NA,NA,NA,NA,NA,NA,0.2876,NA,0,0.340919475,0.3,0.03,NA,NA,NA,NA,NA,ROUGE-L,HigherBetter
XLSum,Summarization,Yoruba,,yo,2,Latin,NA,NA,NA,0.165,NA,NA,0.163,NA,NA,NA,NA,NA,NA,NA,NA,0.2616,NA,NA,0.081465755,0.08,0,NA,NA,NA,NA,NA,ROUGE-L,HigherBetter
XLSum,Summarization,Chinese,,zh,5,Chinese,NA,NA,NA,0.2344,0.221966052,NA,0.2724,NA,NA,NA,NA,NA,NA,NA,NA,0.3983,NA,NA,0,0,NA,NA,NA,NA,NA,NA,ROUGE-L,HigherBetter
XLSum,Summarization,Chinese_Simplified,,zh,5,Chinese,NA,NA,NA,0.2152,NA,NA,0.3072,NA,NA,NA,NA,NA,NA,NA,NA,0.3968,NA,NA,0,0,0.2,NA,NA,NA,NA,NA,ROUGE-L,HigherBetter
XM3600,Image Captioning,Arabic,2,ar,5,Arabic,NA,NA,NA,NA,NA,NA,NA,NA,NA,NA,NA,NA,NA,NA,NA,NA,NA,NA,NA,NA,NA,23.03777393,NA,NA,NA,NA,ChrF++,HigherBetter
XM3600,Image Captioning,Czech,,cs,,Latin,NA,NA,NA,NA,NA,NA,NA,NA,NA,NA,NA,NA,NA,NA,NA,NA,NA,NA,NA,NA,NA,25.70357231,NA,NA,NA,NA,ChrF++,HigherBetter
XM3600,Image Captioning,Danish,,da,,Latin,NA,NA,NA,NA,NA,NA,NA,NA,NA,NA,NA,NA,NA,NA,NA,NA,NA,NA,NA,NA,NA,26.40555297,NA,NA,NA,NA,ChrF++,HigherBetter
XM3600,Image Captioning,German,1,de,5,Latin,NA,NA,NA,NA,NA,NA,NA,NA,NA,NA,NA,NA,NA,NA,NA,NA,NA,NA,NA,NA,NA,38.1539263,NA,NA,NA,NA,ChrF++,HigherBetter
XM3600,Image Captioning,English,0,en,5,Latin,NA,NA,NA,NA,NA,NA,NA,NA,NA,NA,NA,NA,NA,NA,NA,NA,NA,NA,NA,NA,NA,31.72589577,NA,NA,NA,NA,ChrF++,HigherBetter
XM3600,Image Captioning,Spanish,1,es,5,Latin,NA,NA,NA,NA,NA,NA,NA,NA,NA,NA,NA,NA,NA,NA,NA,NA,NA,NA,NA,NA,NA,35.96796365,NA,NA,NA,NA,ChrF++,HigherBetter
XM3600,Image Captioning,Finnish,2,fi,5,Latin,NA,NA,NA,NA,NA,NA,NA,NA,NA,NA,NA,NA,NA,NA,NA,NA,NA,NA,NA,NA,NA,48.20572586,NA,NA,NA,NA,ChrF++,HigherBetter
XM3600,Image Captioning,French,1,fr,5,Latin,NA,NA,NA,NA,NA,NA,NA,NA,NA,NA,NA,NA,NA,NA,NA,NA,NA,NA,NA,NA,NA,40.17343988,NA,NA,NA,NA,ChrF++,HigherBetter
XM3600,Image Captioning,Italian,1,it,4,Latin,NA,NA,NA,NA,NA,NA,NA,NA,NA,NA,NA,NA,NA,NA,NA,NA,NA,NA,NA,NA,NA,34.64751832,NA,NA,NA,NA,ChrF++,HigherBetter
XM3600,Image Captioning,Japanese,1,ja,5,Ideograms,NA,NA,NA,NA,NA,NA,NA,NA,NA,NA,NA,NA,NA,NA,NA,NA,NA,NA,NA,NA,NA,11.31542991,NA,NA,NA,NA,ChrF++,HigherBetter
XM3600,Image Captioning,Korean,2,ko,4,Hangul,NA,NA,NA,NA,NA,NA,NA,NA,NA,NA,NA,NA,NA,NA,NA,NA,NA,NA,NA,NA,NA,13.50677461,NA,NA,NA,NA,ChrF++,HigherBetter
XM3600,Image Captioning,Dutch,2,nl,4,Latin,NA,NA,NA,NA,NA,NA,NA,NA,NA,NA,NA,NA,NA,NA,NA,NA,NA,NA,NA,NA,NA,38.01380327,NA,NA,NA,NA,ChrF++,HigherBetter
XM3600,Image Captioning,Norwegian,,no,,Latin,NA,NA,NA,NA,NA,NA,NA,NA,NA,NA,NA,NA,NA,NA,NA,NA,NA,NA,NA,NA,NA,30.93472931,NA,NA,NA,NA,ChrF++,HigherBetter
XM3600,Image Captioning,Polish,2,pl,4,Latin,NA,NA,NA,NA,NA,NA,NA,NA,NA,NA,NA,NA,NA,NA,NA,NA,NA,NA,NA,NA,NA,28.4590203,NA,NA,NA,NA,ChrF++,HigherBetter
XM3600,Image Captioning,Portuguese,,pt,4,Latin,NA,NA,NA,NA,NA,NA,NA,NA,NA,NA,NA,NA,NA,NA,NA,NA,NA,NA,NA,NA,NA,21.3469112,NA,NA,NA,NA,ChrF++,HigherBetter
XM3600,Image Captioning,Russian,2,ru,4,Cyrillic,NA,NA,NA,NA,NA,NA,NA,NA,NA,NA,NA,NA,NA,NA,NA,NA,NA,NA,NA,NA,NA,3.058507268,NA,NA,NA,NA,ChrF++,HigherBetter
XM3600,Image Captioning,Swedish,,sv,,Latin,NA,NA,NA,NA,NA,NA,NA,NA,NA,NA,NA,NA,NA,NA,NA,NA,NA,NA,NA,NA,NA,37.54987373,NA,NA,NA,NA,ChrF++,HigherBetter
XM3600,Image Captioning,Thai,2,th,3,Brahmic,NA,NA,NA,NA,NA,NA,NA,NA,NA,NA,NA,NA,NA,NA,NA,NA,NA,NA,NA,NA,NA,21.31643827,NA,NA,NA,NA,ChrF++,HigherBetter
XM3600,Image Captioning,Turkish,2,tr,4,Latin,NA,NA,NA,NA,NA,NA,NA,NA,NA,NA,NA,NA,NA,NA,NA,NA,NA,NA,NA,NA,NA,29.40766343,NA,NA,NA,NA,ChrF++,HigherBetter
XM3600,Image Captioning,Chinese,,zh,5,Chinese,NA,NA,NA,NA,NA,NA,NA,NA,NA,NA,NA,NA,NA,NA,NA,NA,NA,NA,NA,NA,NA,16.81783759,NA,NA,NA,NA,ChrF++,HigherBetter
XNLI,Natural Language Inference,Arabic,2,ar,5,Arabic,0.522155689,0.651097804,0.58502994,0.589820359,0.626546906,0.603393214,0.731137725,NA,NA,0.8898,0.606827309,0.772,0.643,NA,0.464,0.733,NA,0.7904,0.39,0.37,0.35,NA,NA,NA,NA,NA,Accuracy,HigherBetter
XNLI,Natural Language Inference,Bulgarian,3,bg,3,Cyrillic,0.618163673,0.707784431,0.61257485,0.635129741,0.673453094,0.648103792,0.772654691,NA,NA,0.9057,0.465462,0.83,0.68,NA,0.489,0.786,NA,0.8082,0.45,0.51,0.55,NA,NA,NA,NA,NA,Accuracy,HigherBetter
XNLI,Natural Language Inference,German,1,de,5,Latin,0.657884232,0.717365269,0.68502994,0.673253493,0.694211577,0.685628743,0.788023952,NA,NA,0.8998,0.540161,0.825,0.7,NA,0.456,0.774,NA,0.836,0.45,0.5,0.58,NA,NA,NA,NA,NA,Accuracy,HigherBetter
XNLI,Natural Language Inference,Greek,3,el,3,Greek,0.597005988,0.692814371,0.599201597,0.650898204,0.672055888,0.62994012,0.790419162,NA,NA,0.9019,0.474297,0.808,0.653,NA,0.487,0.771,NA,0.8372,0.39,0,0.413,NA,NA,NA,NA,NA,Accuracy,HigherBetter
XNLI,Natural Language Inference,English,0,en,5,Latin,0.795209581,0.795209581,0.795209581,0.76247505,0.76247505,0.76247505,0.849101796,NA,NA,0.9325,0.674698795,0.887,0.808,NA,0.526,0.847,NA,0.8947,0.56,0.55,0.633,NA,NA,NA,NA,NA,Accuracy,HigherBetter
XNLI,Natural Language Inference,Spanish,1,es,5,Latin,0.70998004,0.721756487,0.706586826,0.703193613,0.695608782,0.705788423,0.788,NA,NA,0.9113,0.612449799,0.837,0.735,NA,0.458,0.803,NA,0.8423,0.5,0.51,0.55,NA,NA,NA,NA,NA,Accuracy,HigherBetter
XNLI,Natural Language Inference,French,1,fr,5,Latin,0.656886228,0.71756487,0.701397206,0.677045908,0.690419162,0.692814371,0.7946,NA,NA,0.9071,0.613654618,0.822,0.734,NA,0.494,0.791,NA,0.1838,0.5,0.52,0.55,NA,NA,NA,NA,NA,Accuracy,HigherBetter
XNLI,Natural Language Inference,Hindi,,hi,4,Devanagari,0.476247505,0.633333333,0.502994012,0.55489022,0.599001996,0.556087824,0.71996008,NA,NA,0.8618,0.568273092,0.756,0.589,NA,0.468,0.708,NA,0.7682,0.37,0,0.311,NA,NA,NA,NA,NA,Accuracy,HigherBetter
XNLI,Natural Language Inference,Russian,2,ru,4,Cyrillic,0.622155689,0.673453094,0.601397206,0.6249501,0.637325349,0.636327345,0.743113772,NA,NA,0.8922,0.533333,0.791,0.678,NA,0.486,0.771,NA,0.7972,0.48,0.5,0.545,NA,NA,NA,NA,NA,Accuracy,HigherBetter
XNLI,Natural Language Inference,Swahili,,sw,2,Latin,0.502195609,0.572854291,0.477245509,0.563073852,0.558483034,0.563672655,0.708982036,NA,NA,0.8546,0.503614458,0.712,0.497,NA,0.445,0.694,NA,0.7668,0.33,0.36,0.391,NA,NA,NA,NA,NA,Accuracy,HigherBetter
XNLI,Natural Language Inference,Thai,2,th,3,Brahmic,0.510578842,0.620359281,0.519161677,0.53992016,0.595608782,0.546307385,0.688223553,NA,NA,0.875,0.437751,0.774,0.541,NA,0.466,0.732,NA,0.779,0.35,0,0.3455,NA,NA,NA,NA,NA,Accuracy,HigherBetter
XNLI,Natural Language Inference,Turkish,2,tr,4,Latin,0.578642715,0.675848303,0.596407186,0.626147705,0.637924152,0.624550898,0.762874251,NA,NA,0.8844,0.427309,0.78,0.609,NA,0.454,0.728,NA,0.7944,0.4,0.452,0.491,NA,NA,NA,NA,NA,Accuracy,HigherBetter
XNLI,Natural Language Inference,Urdu,,ur,3,Perso-Arabic,0.499600798,0.551297405,0.473852295,0.490818363,0.540319361,0.503592814,0.681237525,NA,NA,0.8271,0.499598394,0.717,0.572,NA,0.434,0.683,NA,NA,0.36,0.29,0.42,NA,NA,NA,NA,NA,Accuracy,HigherBetter
XNLI,Natural Language Inference,Vietnamese,3,vi,4,Latin,0.564071856,0.668662675,0.56506986,0.608782435,0.639321357,0.614770459,0.742914172,NA,NA,0.8898,0.610040161,0.793,0.693,NA,0.485,0.742,NA,0.7942,0.41,0.48,0.488,NA,NA,NA,NA,NA,Accuracy,HigherBetter
XNLI,Natural Language Inference,Chinese,,zh,5,Chinese,0.580439122,0.658283433,0.586626747,0.621157685,0.626147705,0.615369261,0.7459,NA,NA,0.8844,0.56746988,0.782,0.678,NA,0.488,0.741,NA,0.799,0.45,0.48,0.51,NA,NA,NA,NA,NA,Accuracy,HigherBetter
XQuAD,Question Answering,Arabic,2,ar,5,Arabic,NA,NA,0.368277321,NA,NA,0.5958192,NA,NA,0.678018827,0.853793746,0.828178,0.686,0.615,NA,NA,0.638,NA,0.630596219,0.018500903,0.017967821,0.0185,NA,NA,NA,NA,NA,F1 Score,HigherBetter
XQuAD,Question Answering,German,1,de,5,Latin,NA,NA,0.55225062,NA,NA,0.7061189,NA,NA,0.7194,0.860830263,0.763114,0.804,0.706,NA,NA,0.738,NA,0.758539922,0.119940907,0.1132,0.1067,NA,NA,NA,NA,NA,F1 Score,HigherBetter
XQuAD,Question Answering,Greek,3,el,3,Greek,NA,NA,0.318338852,NA,NA,0.4902303,NA,NA,0.623098164,0.863496918,0.496773,0.798,0.626,NA,NA,0.596,NA,0.764707176,0.017194094,0.0154,0.0167,NA,NA,NA,NA,NA,F1 Score,HigherBetter
XQuAD,Question Answering,English,0,en,5,Latin,NA,NA,0.771977096,NA,NA,0.7934013,NA,NA,0.8316,0.900561843,0.920765,0.865,0.835,NA,NA,0.846,NA,0.867414184,0.191394378,0.1695,0.198,NA,NA,NA,NA,NA,F1 Score,HigherBetter
XQuAD,Question Answering,Spanish,1,es,5,Latin,NA,NA,0.618054429,NA,NA,0.7030713,NA,NA,0.7745,0.876253389,0.868182,0.82,0.755,NA,NA,0.748,NA,0.812721167,0.138203352,0.1325,0.139,NA,NA,NA,NA,NA,F1 Score,HigherBetter
XQuAD,Question Answering,Hindi,,hi,4,Devanagari,NA,NA,0.198929531,NA,NA,0.5397393,NA,NA,0.638604556,0.859498524,0.833811,0.767,0.592,NA,NA,0.603,NA,0.617356334,0.00748652,0.00675,0.0625,NA,NA,NA,NA,NA,F1 Score,HigherBetter
XQuAD,Question Answering,Romanian,3,ro,3,Latin,NA,NA,0.575459501,NA,NA,0.7019632,NA,NA,0.762111909,NA,0.713612,NA,NA,NA,NA,NA,NA,0.796885016,0.096831417,0.0891,0.0873,NA,NA,NA,NA,NA,F1 Score,HigherBetter
XQuAD,Question Answering,Russian,2,ru,4,Cyrillic,NA,NA,0.29435974,NA,NA,0.580417,NA,NA,0.637816822,0.868166974,0.657166,0.801,0.713,NA,NA,0.578,NA,0.697997057,0.046123241,0.04128,0.046,NA,NA,NA,NA,NA,F1 Score,HigherBetter
XQuAD,Question Answering,Thai,2,th,3,Brahmic,NA,NA,0.115343438,NA,NA,0.4187329,NA,NA,0.546319392,0.869531388,0.205028,0.742,0.427,NA,NA,0.576,NA,0.619056933,0.005869597,0.005,0.0035,NA,NA,NA,NA,NA,F1 Score,HigherBetter
XQuAD,Question Answering,Turkish,2,tr,4,Latin,NA,NA,0.447562098,NA,NA,0.6175782,NA,NA,0.707591382,0.843379954,0.514246,0.759,0.554,NA,NA,0.679,NA,0.68149352,0.049040489,0.00549,0.0475,NA,NA,NA,NA,NA,F1 Score,HigherBetter
XQuAD,Question Answering,Vietnamese,3,vi,4,Latin,NA,NA,0.41730193,NA,NA,0.6908172,NA,NA,0.757517682,0.876302311,0.869025,0.791,0.695,NA,NA,0.707,NA,0.724955971,0.0697,0.075,0.0725,NA,NA,NA,NA,NA,F1 Score,HigherBetter
XQuAD,Question Answering,Chinese,,zh,5,Chinese,NA,NA,0.3560004,NA,NA,0.5039052,NA,NA,0.6002,0.792094838,0.823569,0.593,0.58,NA,NA,0.661,NA,0.488279312,0.0695,0.0639,0.0712,NA,NA,NA,NA,NA,F1 Score,HigherBetter
X-RiSAWOZ,Task Oriented Dialogue,English,0,en,5,Latin,,,,0.71667,,,0.66667,NA,NA,,,,,,,,NA,0.55,NA,NA,0.583333,,,,,,Average Success Rate,HigherBetter
X-RiSAWOZ,Task Oriented Dialogue,English-Hindi,,enhi,,Latin-Devangari,,,,0.26667,,,0.25,NA,NA,,,,,,,,NA,0.1,NA,NA,0.033333,,,,,,Average Success Rate,HigherBetter
X-RiSAWOZ,Task Oriented Dialogue,French,1,fr,5,Latin,,,,0.63333,,,0.65,NA,NA,,,,,,,,NA,0.383333,NA,NA,0.466667,,,,,,Average Success Rate,HigherBetter
X-RiSAWOZ,Task Oriented Dialogue,Hindi,,hi,4,Devangari,,,,0.1,,,0.36667,NA,NA,,,,,,,,NA,0.166667,NA,NA,0.066667,,,,,,Average Success Rate,HigherBetter
X-RiSAWOZ,Task Oriented Dialogue,Korean,2,ko,4,Hangul,,,,0.33333,,,0.383333,NA,NA,,,,,,,,NA,0.266667,NA,NA,0.1,,,,,,Average Success Rate,HigherBetter
X-RiSAWOZ,Task Oriented Dialogue,Chinese,,zh,5,Chinese,,,,0.9,,,0.93333,NA,NA,,,,,,,,NA,0.666667,NA,NA,0.25,,,,,,Average Success Rate,HigherBetter
XstoryCloze,Commonsense Reasoning,Arabic,2,ar,5,Arabic,0.873593647,0.949702184,0.869622766,0.924553276,0.94308405,0.933818663,0.991396426,0.977498345,NA,NA,0.796823323,NA,NA,NA,0.598,NA,NA,0.0172,NA,NA,NA,NA,NA,NA,NA,NA,Accuracy,HigherBetter
XstoryCloze,Commonsense Reasoning,English,0,en,5,Latin,0.982792852,0.982792852,0.982792852,0.967571145,0.967571145,0.967571145,0.99602912,0.99602912,NA,NA,0.956707656,NA,NA,NA,0.759,NA,NA,0.5314,NA,NA,NA,NA,NA,NA,NA,NA,Accuracy,HigherBetter
XstoryCloze,Commonsense Reasoning,Spanish,1,es,5,Latin,0.975512905,0.962276638,0.971542025,0.957643944,0.960953011,0.967571145,0.995367306,0.987425546,NA,NA,0.872931838,NA,NA,NA,0.692,NA,NA,0.5241,NA,NA,NA,NA,NA,NA,NA,NA,Accuracy,HigherBetter
XstoryCloze,Commonsense Reasoning,Basque,,eu,4,Latin,0.780939775,0.94109861,0.774321641,0.784248842,0.925215089,0.753805427,0.976174719,0.967571145,NA,NA,0.705493033,NA,NA,NA,0.638,NA,NA,NA,NA,NA,NA,NA,NA,NA,NA,NA,Accuracy,HigherBetter
XstoryCloze,Commonsense Reasoning,Hindi,,hi,4,Devanagari,0.778292522,0.951025811,0.818001324,0.911317009,0.947054931,0.894109861,0.988087359,0.978821972,NA,NA,0.798808753,NA,NA,NA,0.625,NA,NA,0.0066,NA,NA,NA,NA,NA,NA,NA,NA,Accuracy,HigherBetter
XstoryCloze,Commonsense Reasoning,Indonesian,3,id,3,Latin,0.963600265,0.958967571,0.953673064,0.949702184,0.951687624,0.961614825,0.990072799,0.980807412,NA,NA,0.855724692,NA,NA,NA,0.708,NA,NA,0.0416,NA,NA,NA,NA,NA,NA,NA,NA,Accuracy,HigherBetter
XstoryCloze,Commonsense Reasoning,Burmese,,my,1,Brahmic,0.473858372,0.901389808,0.580410324,0.572468564,0.886168101,0.368630046,0.776307081,0.931833223,NA,NA,0.499007285,NA,NA,NA,0.612,NA,NA,NA,NA,NA,NA,NA,NA,NA,NA,NA,Accuracy,HigherBetter
XstoryCloze,Commonsense Reasoning,Russian,2,ru,4,Cyrillic,0.941760424,0.968894772,0.949702184,0.965585705,0.962276638,0.966247518,0.991396426,0.99205824,NA,NA,0.673064172,NA,NA,NA,0.724,NA,NA,0.2845,NA,NA,NA,NA,NA,NA,NA,NA,Accuracy,HigherBetter
XstoryCloze,Commonsense Reasoning,Swahili,,sw,2,Latin,0.780939775,0.906684315,0.775645268,0.923229649,0.886829914,0.930509596,0.984116479,0.936465917,NA,NA,0.652547956,NA,NA,NA,0.652,NA,NA,0.4712,NA,NA,NA,NA,NA,NA,NA,NA,Accuracy,HigherBetter
XstoryCloze,Commonsense Reasoning,Telugu,,te,1,Brahmic,0.576439444,0.94308405,0.630046327,0.731303772,0.936465917,0.722038385,0.934480477,0.964262078,NA,NA,0.674387813,NA,NA,NA,0.634,NA,NA,NA,NA,NA,NA,NA,NA,NA,NA,NA,Accuracy,HigherBetter
XstoryCloze,Commonsense Reasoning,Chinese,,zh,5,Chinese,0.949702184,0.961614825,0.949040371,0.956320318,0.956320318,0.964262078,0.99205824,0.983454666,NA,NA,0.900066197,NA,NA,NA,0.677,NA,NA,0.2389,NA,NA,NA,NA,NA,NA,NA,NA,Accuracy,HigherBetter
